"LOCATION","INDICATOR","SUBJECT","MEASURE","FREQUENCY","TIME","Value","Flag Codes"
"AUS","ELECTRICITY","TOT","GWH","A","1990",144926,
"AUS","ELECTRICITY","TOT","GWH","A","1991",147121,
"AUS","ELECTRICITY","TOT","GWH","A","1992",149306,
"AUS","ELECTRICITY","TOT","GWH","A","1993",153420,
"AUS","ELECTRICITY","TOT","GWH","A","1994",157232,
"AUS","ELECTRICITY","TOT","GWH","A","1995",162402,
"AUS","ELECTRICITY","TOT","GWH","A","1996",166640,
"AUS","ELECTRICITY","TOT","GWH","A","1997",171912,
"AUS","ELECTRICITY","TOT","GWH","A","1998",183015,
"AUS","ELECTRICITY","TOT","GWH","A","1999",190064,
"AUS","ELECTRICITY","TOT","GWH","A","2000",195402,
"AUS","ELECTRICITY","TOT","GWH","A","2001",206772,
"AUS","ELECTRICITY","TOT","GWH","A","2002",213004,
"AUS","ELECTRICITY","TOT","GWH","A","2003",205309,
"AUS","ELECTRICITY","TOT","GWH","A","2004",210162,
"AUS","ELECTRICITY","TOT","GWH","A","2005",214526,
"AUS","ELECTRICITY","TOT","GWH","A","2006",218390,
"AUS","ELECTRICITY","TOT","GWH","A","2007",227066,
"AUS","ELECTRICITY","TOT","GWH","A","2008",228073,
"AUS","ELECTRICITY","TOT","GWH","A","2009",232688,
"AUS","ELECTRICITY","TOT","GWH","A","2010",237384,
"AUS","ELECTRICITY","TOT","GWH","A","2011",240739,
"AUS","ELECTRICITY","TOT","GWH","A","2012",236580,
"AUS","ELECTRICITY","TOT","GWH","A","2013",235522,
"AUS","ELECTRICITY","TOT","GWH","A","2014",232621,
"AUS","ELECTRICITY","TOT","GWH","A","2015",238533,
"AUS","ELECTRICITY","TOT","GWH","A","2016",243262,
"AUS","ELECTRICITY","TOT","GWH","A","2017",243517,
"AUS","ELECTRICITY","TOT","GWH","A","2018",247293.164,
"AUS","ELECTRICITY","TOT","GWH","A","2019",250530.937,
"AUS","ELECTRICITY","TOT","GWH","A","2020",251913.481,
"AUS","ELECTRICITY","TOT","GWH","A","2021",252505.422,
"AUS","ELECTRICITY","TOT","GWH","A","2022",,"L"
"AUT","ELECTRICITY","TOT","GWH","A","1990",48376,
"AUT","ELECTRICITY","TOT","GWH","A","1991",49499,
"AUT","ELECTRICITY","TOT","GWH","A","1992",49372,
"AUT","ELECTRICITY","TOT","GWH","A","1993",51184,
"AUT","ELECTRICITY","TOT","GWH","A","1994",51992,
"AUT","ELECTRICITY","TOT","GWH","A","1995",54943,
"AUT","ELECTRICITY","TOT","GWH","A","1996",53155,
"AUT","ELECTRICITY","TOT","GWH","A","1997",55142,
"AUT","ELECTRICITY","TOT","GWH","A","1998",55511,
"AUT","ELECTRICITY","TOT","GWH","A","1999",58550,
"AUT","ELECTRICITY","TOT","GWH","A","2000",59054,
"AUT","ELECTRICITY","TOT","GWH","A","2001",60111,
"AUT","ELECTRICITY","TOT","GWH","A","2002",59937,
"AUT","ELECTRICITY","TOT","GWH","A","2003",57413,
"AUT","ELECTRICITY","TOT","GWH","A","2004",61387,
"AUT","ELECTRICITY","TOT","GWH","A","2005",63671,
"AUT","ELECTRICITY","TOT","GWH","A","2006",61228,
"AUT","ELECTRICITY","TOT","GWH","A","2007",61810,
"AUT","ELECTRICITY","TOT","GWH","A","2008",63589,
"AUT","ELECTRICITY","TOT","GWH","A","2009",66032,
"AUT","ELECTRICITY","TOT","GWH","A","2010",67709,
"AUT","ELECTRICITY","TOT","GWH","A","2011",62592,
"AUT","ELECTRICITY","TOT","GWH","A","2012",69525,
"AUT","ELECTRICITY","TOT","GWH","A","2013",65260,
"AUT","ELECTRICITY","TOT","GWH","A","2014",62248,
"AUT","ELECTRICITY","TOT","GWH","A","2015",61928,
"AUT","ELECTRICITY","TOT","GWH","A","2016",64961,
"AUT","ELECTRICITY","TOT","GWH","A","2017",68093.595,
"AUT","ELECTRICITY","TOT","GWH","A","2018",65383.711,
"AUT","ELECTRICITY","TOT","GWH","A","2019",71101.13,
"AUT","ELECTRICITY","TOT","GWH","A","2020",69591.408,
"AUT","ELECTRICITY","TOT","GWH","A","2021",68084.269,
"AUT","ELECTRICITY","TOT","GWH","A","2022",,"L"
"BEL","ELECTRICITY","TOT","GWH","A","1990",67266,
"BEL","ELECTRICITY","TOT","GWH","A","1991",68118,
"BEL","ELECTRICITY","TOT","GWH","A","1992",68348,
"BEL","ELECTRICITY","TOT","GWH","A","1993",67097,
"BEL","ELECTRICITY","TOT","GWH","A","1994",68509,
"BEL","ELECTRICITY","TOT","GWH","A","1995",70612,
"BEL","ELECTRICITY","TOT","GWH","A","1996",72315,
"BEL","ELECTRICITY","TOT","GWH","A","1997",75023,
"BEL","ELECTRICITY","TOT","GWH","A","1998",79436,
"BEL","ELECTRICITY","TOT","GWH","A","1999",80844,
"BEL","ELECTRICITY","TOT","GWH","A","2000",80266,
"BEL","ELECTRICITY","TOT","GWH","A","2001",76216,
"BEL","ELECTRICITY","TOT","GWH","A","2002",78147,
"BEL","ELECTRICITY","TOT","GWH","A","2003",80858,
"BEL","ELECTRICITY","TOT","GWH","A","2004",80705,
"BEL","ELECTRICITY","TOT","GWH","A","2005",82310,
"BEL","ELECTRICITY","TOT","GWH","A","2006",81161,
"BEL","ELECTRICITY","TOT","GWH","A","2007",84581,
"BEL","ELECTRICITY","TOT","GWH","A","2008",81082,
"BEL","ELECTRICITY","TOT","GWH","A","2009",87661,
"BEL","ELECTRICITY","TOT","GWH","A","2010",91007,
"BEL","ELECTRICITY","TOT","GWH","A","2011",87121,
"BEL","ELECTRICITY","TOT","GWH","A","2012",79932,
"BEL","ELECTRICITY","TOT","GWH","A","2013",80300,
"BEL","ELECTRICITY","TOT","GWH","A","2014",69818,
"BEL","ELECTRICITY","TOT","GWH","A","2015",67380,
"BEL","ELECTRICITY","TOT","GWH","A","2016",82403,
"BEL","ELECTRICITY","TOT","GWH","A","2017",83125.3,
"BEL","ELECTRICITY","TOT","GWH","A","2018",72070.6,
"BEL","ELECTRICITY","TOT","GWH","A","2019",89940,
"BEL","ELECTRICITY","TOT","GWH","A","2020",86123.9,
"BEL","ELECTRICITY","TOT","GWH","A","2021",96625.1,
"BEL","ELECTRICITY","TOT","GWH","A","2022",,"L"
"CAN","ELECTRICITY","TOT","GWH","A","1990",468125,
"CAN","ELECTRICITY","TOT","GWH","A","1991",493639,
"CAN","ELECTRICITY","TOT","GWH","A","1992",505218,
"CAN","ELECTRICITY","TOT","GWH","A","1993",516824,
"CAN","ELECTRICITY","TOT","GWH","A","1994",539261,
"CAN","ELECTRICITY","TOT","GWH","A","1995",543681,
"CAN","ELECTRICITY","TOT","GWH","A","1996",557044,
"CAN","ELECTRICITY","TOT","GWH","A","1997",556922,
"CAN","ELECTRICITY","TOT","GWH","A","1998",544662,
"CAN","ELECTRICITY","TOT","GWH","A","1999",561558,
"CAN","ELECTRICITY","TOT","GWH","A","2000",587127,
"CAN","ELECTRICITY","TOT","GWH","A","2001",570971,
"CAN","ELECTRICITY","TOT","GWH","A","2002",582533,
"CAN","ELECTRICITY","TOT","GWH","A","2003",570895,
"CAN","ELECTRICITY","TOT","GWH","A","2004",580847,
"CAN","ELECTRICITY","TOT","GWH","A","2005",601522,
"CAN","ELECTRICITY","TOT","GWH","A","2006",591051,
"CAN","ELECTRICITY","TOT","GWH","A","2007",608366,
"CAN","ELECTRICITY","TOT","GWH","A","2008",613790,
"CAN","ELECTRICITY","TOT","GWH","A","2009",590503,
"CAN","ELECTRICITY","TOT","GWH","A","2010",584570,
"CAN","ELECTRICITY","TOT","GWH","A","2011",614373,
"CAN","ELECTRICITY","TOT","GWH","A","2012",613539,
"CAN","ELECTRICITY","TOT","GWH","A","2013",638514,
"CAN","ELECTRICITY","TOT","GWH","A","2014",639294,
"CAN","ELECTRICITY","TOT","GWH","A","2015",638693,
"CAN","ELECTRICITY","TOT","GWH","A","2016",646722,
"CAN","ELECTRICITY","TOT","GWH","A","2017",644651,
"CAN","ELECTRICITY","TOT","GWH","A","2018",640362,
"CAN","ELECTRICITY","TOT","GWH","A","2019",634242,
"CAN","ELECTRICITY","TOT","GWH","A","2020",633439,
"CAN","ELECTRICITY","TOT","GWH","A","2021",625271,
"CAN","ELECTRICITY","TOT","GWH","A","2022",,"L"
"CZE","ELECTRICITY","TOT","GWH","A","1990",58125,
"CZE","ELECTRICITY","TOT","GWH","A","1991",56377,
"CZE","ELECTRICITY","TOT","GWH","A","1992",55370,
"CZE","ELECTRICITY","TOT","GWH","A","1993",54984,
"CZE","ELECTRICITY","TOT","GWH","A","1994",54853,
"CZE","ELECTRICITY","TOT","GWH","A","1995",56880,
"CZE","ELECTRICITY","TOT","GWH","A","1996",59899,
"CZE","ELECTRICITY","TOT","GWH","A","1997",59956,
"CZE","ELECTRICITY","TOT","GWH","A","1998",60264,
"CZE","ELECTRICITY","TOT","GWH","A","1999",60092,
"CZE","ELECTRICITY","TOT","GWH","A","2000",68014,
"CZE","ELECTRICITY","TOT","GWH","A","2001",68780,
"CZE","ELECTRICITY","TOT","GWH","A","2002",70393,
"CZE","ELECTRICITY","TOT","GWH","A","2003",76659,
"CZE","ELECTRICITY","TOT","GWH","A","2004",77919,
"CZE","ELECTRICITY","TOT","GWH","A","2005",76192,
"CZE","ELECTRICITY","TOT","GWH","A","2006",77884,
"CZE","ELECTRICITY","TOT","GWH","A","2007",81412,
"CZE","ELECTRICITY","TOT","GWH","A","2008",77085,
"CZE","ELECTRICITY","TOT","GWH","A","2009",75990,
"CZE","ELECTRICITY","TOT","GWH","A","2010",78302,
"CZE","ELECTRICITY","TOT","GWH","A","2011",79908,
"CZE","ELECTRICITY","TOT","GWH","A","2012",80309,
"CZE","ELECTRICITY","TOT","GWH","A","2013",79777,
"CZE","ELECTRICITY","TOT","GWH","A","2014",79116,
"CZE","ELECTRICITY","TOT","GWH","A","2015",76916,
"CZE","ELECTRICITY","TOT","GWH","A","2016",76398,
"CZE","ELECTRICITY","TOT","GWH","A","2017",79891.658,
"CZE","ELECTRICITY","TOT","GWH","A","2018",80886.203,
"CZE","ELECTRICITY","TOT","GWH","A","2019",80141.485,
"CZE","ELECTRICITY","TOT","GWH","A","2020",75118.048,
"CZE","ELECTRICITY","TOT","GWH","A","2021",78542.584,
"CZE","ELECTRICITY","TOT","GWH","A","2022",,"L"
"DNK","ELECTRICITY","TOT","GWH","A","1990",24282,
"DNK","ELECTRICITY","TOT","GWH","A","1991",34328,
"DNK","ELECTRICITY","TOT","GWH","A","1992",28825,
"DNK","ELECTRICITY","TOT","GWH","A","1993",31959,
"DNK","ELECTRICITY","TOT","GWH","A","1994",38266,
"DNK","ELECTRICITY","TOT","GWH","A","1995",34710,
"DNK","ELECTRICITY","TOT","GWH","A","1996",51010,
"DNK","ELECTRICITY","TOT","GWH","A","1997",41888,
"DNK","ELECTRICITY","TOT","GWH","A","1998",39225,
"DNK","ELECTRICITY","TOT","GWH","A","1999",37045,
"DNK","ELECTRICITY","TOT","GWH","A","2000",34448,
"DNK","ELECTRICITY","TOT","GWH","A","2001",36165,
"DNK","ELECTRICITY","TOT","GWH","A","2002",37336,
"DNK","ELECTRICITY","TOT","GWH","A","2003",43754,
"DNK","ELECTRICITY","TOT","GWH","A","2004",38402,
"DNK","ELECTRICITY","TOT","GWH","A","2005",34413,
"DNK","ELECTRICITY","TOT","GWH","A","2006",43185,
"DNK","ELECTRICITY","TOT","GWH","A","2007",37356,
"DNK","ELECTRICITY","TOT","GWH","A","2008",34852,
"DNK","ELECTRICITY","TOT","GWH","A","2009",34462,
"DNK","ELECTRICITY","TOT","GWH","A","2010",36872,
"DNK","ELECTRICITY","TOT","GWH","A","2011",33549,
"DNK","ELECTRICITY","TOT","GWH","A","2012",29200,
"DNK","ELECTRICITY","TOT","GWH","A","2013",33138,
"DNK","ELECTRICITY","TOT","GWH","A","2014",30815,
"DNK","ELECTRICITY","TOT","GWH","A","2015",27921,
"DNK","ELECTRICITY","TOT","GWH","A","2016",29081,
"DNK","ELECTRICITY","TOT","GWH","A","2017",29638.3,
"DNK","ELECTRICITY","TOT","GWH","A","2018",29315.485,
"DNK","ELECTRICITY","TOT","GWH","A","2019",28683.717,
"DNK","ELECTRICITY","TOT","GWH","A","2020",27875.652,
"DNK","ELECTRICITY","TOT","GWH","A","2021",31912.303,
"DNK","ELECTRICITY","TOT","GWH","A","2022",,"L"
"FIN","ELECTRICITY","TOT","GWH","A","1990",51591,
"FIN","ELECTRICITY","TOT","GWH","A","1991",55098,
"FIN","ELECTRICITY","TOT","GWH","A","1992",54957,
"FIN","ELECTRICITY","TOT","GWH","A","1993",58008,
"FIN","ELECTRICITY","TOT","GWH","A","1994",62175,
"FIN","ELECTRICITY","TOT","GWH","A","1995",60542,
"FIN","ELECTRICITY","TOT","GWH","A","1996",66359,
"FIN","ELECTRICITY","TOT","GWH","A","1997",66150,
"FIN","ELECTRICITY","TOT","GWH","A","1998",67322,
"FIN","ELECTRICITY","TOT","GWH","A","1999",66678,
"FIN","ELECTRICITY","TOT","GWH","A","2000",67288,
"FIN","ELECTRICITY","TOT","GWH","A","2001",71237,
"FIN","ELECTRICITY","TOT","GWH","A","2002",71632,
"FIN","ELECTRICITY","TOT","GWH","A","2003",80397,
"FIN","ELECTRICITY","TOT","GWH","A","2004",82191,
"FIN","ELECTRICITY","TOT","GWH","A","2005",67843,
"FIN","ELECTRICITY","TOT","GWH","A","2006",78643,
"FIN","ELECTRICITY","TOT","GWH","A","2007",77835,
"FIN","ELECTRICITY","TOT","GWH","A","2008",74494,
"FIN","ELECTRICITY","TOT","GWH","A","2009",69222,
"FIN","ELECTRICITY","TOT","GWH","A","2010",77220,
"FIN","ELECTRICITY","TOT","GWH","A","2011",70413,
"FIN","ELECTRICITY","TOT","GWH","A","2012",67707,
"FIN","ELECTRICITY","TOT","GWH","A","2013",68353,
"FIN","ELECTRICITY","TOT","GWH","A","2014",65458,
"FIN","ELECTRICITY","TOT","GWH","A","2015",66155,
"FIN","ELECTRICITY","TOT","GWH","A","2016",66203,
"FIN","ELECTRICITY","TOT","GWH","A","2017",65043,
"FIN","ELECTRICITY","TOT","GWH","A","2018",67533,
"FIN","ELECTRICITY","TOT","GWH","A","2019",66053,
"FIN","ELECTRICITY","TOT","GWH","A","2020",66598,
"FIN","ELECTRICITY","TOT","GWH","A","2021",69323,
"FIN","ELECTRICITY","TOT","GWH","A","2022",,"L"
"FRA","ELECTRICITY","TOT","GWH","A","1990",401151,
"FRA","ELECTRICITY","TOT","GWH","A","1991",434915,
"FRA","ELECTRICITY","TOT","GWH","A","1992",443130,
"FRA","ELECTRICITY","TOT","GWH","A","1993",451685,
"FRA","ELECTRICITY","TOT","GWH","A","1994",455505,
"FRA","ELECTRICITY","TOT","GWH","A","1995",472600,
"FRA","ELECTRICITY","TOT","GWH","A","1996",490852,
"FRA","ELECTRICITY","TOT","GWH","A","1997",482056,
"FRA","ELECTRICITY","TOT","GWH","A","1998",487765,
"FRA","ELECTRICITY","TOT","GWH","A","1999",502473,
"FRA","ELECTRICITY","TOT","GWH","A","2000",516109,
"FRA","ELECTRICITY","TOT","GWH","A","2001",525951,
"FRA","ELECTRICITY","TOT","GWH","A","2002",534837,
"FRA","ELECTRICITY","TOT","GWH","A","2003",542213,
"FRA","ELECTRICITY","TOT","GWH","A","2004",549322,
"FRA","ELECTRICITY","TOT","GWH","A","2005",550035,
"FRA","ELECTRICITY","TOT","GWH","A","2006",549179,
"FRA","ELECTRICITY","TOT","GWH","A","2007",544362,
"FRA","ELECTRICITY","TOT","GWH","A","2008",548444,
"FRA","ELECTRICITY","TOT","GWH","A","2009",512285,
"FRA","ELECTRICITY","TOT","GWH","A","2010",544299,
"FRA","ELECTRICITY","TOT","GWH","A","2011",547531,
"FRA","ELECTRICITY","TOT","GWH","A","2012",547921,
"FRA","ELECTRICITY","TOT","GWH","A","2013",557981,
"FRA","ELECTRICITY","TOT","GWH","A","2014",548731,
"FRA","ELECTRICITY","TOT","GWH","A","2015",555145,
"FRA","ELECTRICITY","TOT","GWH","A","2016",540420,
"FRA","ELECTRICITY","TOT","GWH","A","2017",537849.511,
"FRA","ELECTRICITY","TOT","GWH","A","2018",557831.567,
"FRA","ELECTRICITY","TOT","GWH","A","2019",547079.266,
"FRA","ELECTRICITY","TOT","GWH","A","2020",509870.747,
"FRA","ELECTRICITY","TOT","GWH","A","2021",532497.111,
"FRA","ELECTRICITY","TOT","GWH","A","2022",,"L"
"DEU","ELECTRICITY","TOT","GWH","A","1990",508582,
"DEU","ELECTRICITY","TOT","GWH","A","1991",500577,
"DEU","ELECTRICITY","TOT","GWH","A","1992",498781,
"DEU","ELECTRICITY","TOT","GWH","A","1993",488221,
"DEU","ELECTRICITY","TOT","GWH","A","1994",490899,
"DEU","ELECTRICITY","TOT","GWH","A","1995",498929,
"DEU","ELECTRICITY","TOT","GWH","A","1996",516331,
"DEU","ELECTRICITY","TOT","GWH","A","1997",512752,
"DEU","ELECTRICITY","TOT","GWH","A","1998",517621,
"DEU","ELECTRICITY","TOT","GWH","A","1999",518184,
"DEU","ELECTRICITY","TOT","GWH","A","2000",538489,
"DEU","ELECTRICITY","TOT","GWH","A","2001",548166,
"DEU","ELECTRICITY","TOT","GWH","A","2002",549288,
"DEU","ELECTRICITY","TOT","GWH","A","2003",569713,
"DEU","ELECTRICITY","TOT","GWH","A","2004",578577,
"DEU","ELECTRICITY","TOT","GWH","A","2005",582874,
"DEU","ELECTRICITY","TOT","GWH","A","2006",598995,
"DEU","ELECTRICITY","TOT","GWH","A","2007",600683,
"DEU","ELECTRICITY","TOT","GWH","A","2008",601150,
"DEU","ELECTRICITY","TOT","GWH","A","2009",558760,
"DEU","ELECTRICITY","TOT","GWH","A","2010",594414,
"DEU","ELECTRICITY","TOT","GWH","A","2011",576247,
"DEU","ELECTRICITY","TOT","GWH","A","2012",591431,
"DEU","ELECTRICITY","TOT","GWH","A","2013",600926,
"DEU","ELECTRICITY","TOT","GWH","A","2014",590874,
"DEU","ELECTRICITY","TOT","GWH","A","2015",610292,
"DEU","ELECTRICITY","TOT","GWH","A","2016",614332,
"DEU","ELECTRICITY","TOT","GWH","A","2017",619053,
"DEU","ELECTRICITY","TOT","GWH","A","2018",605651,
"DEU","ELECTRICITY","TOT","GWH","A","2019",575864,
"DEU","ELECTRICITY","TOT","GWH","A","2020",547662,
"DEU","ELECTRICITY","TOT","GWH","A","2021",558488,
"DEU","ELECTRICITY","TOT","GWH","A","2022",,"L"
"GRC","ELECTRICITY","TOT","GWH","A","1990",32146,
"GRC","ELECTRICITY","TOT","GWH","A","1991",32858,
"GRC","ELECTRICITY","TOT","GWH","A","1992",34360,
"GRC","ELECTRICITY","TOT","GWH","A","1993",35192,
"GRC","ELECTRICITY","TOT","GWH","A","1994",37379,
"GRC","ELECTRICITY","TOT","GWH","A","1995",38382,
"GRC","ELECTRICITY","TOT","GWH","A","1996",39297,
"GRC","ELECTRICITY","TOT","GWH","A","1997",40157,
"GRC","ELECTRICITY","TOT","GWH","A","1998",42754,
"GRC","ELECTRICITY","TOT","GWH","A","1999",45793,
"GRC","ELECTRICITY","TOT","GWH","A","2000",49863,
"GRC","ELECTRICITY","TOT","GWH","A","2001",49730,
"GRC","ELECTRICITY","TOT","GWH","A","2002",50608,
"GRC","ELECTRICITY","TOT","GWH","A","2003",54337,
"GRC","ELECTRICITY","TOT","GWH","A","2004",54889,
"GRC","ELECTRICITY","TOT","GWH","A","2005",55740,
"GRC","ELECTRICITY","TOT","GWH","A","2006",56547,
"GRC","ELECTRICITY","TOT","GWH","A","2007",59088,
"GRC","ELECTRICITY","TOT","GWH","A","2008",59407,
"GRC","ELECTRICITY","TOT","GWH","A","2009",56073,
"GRC","ELECTRICITY","TOT","GWH","A","2010",53389,
"GRC","ELECTRICITY","TOT","GWH","A","2011",53913,
"GRC","ELECTRICITY","TOT","GWH","A","2012",53654,
"GRC","ELECTRICITY","TOT","GWH","A","2013",52560,
"GRC","ELECTRICITY","TOT","GWH","A","2014",46702,
"GRC","ELECTRICITY","TOT","GWH","A","2015",47806,
"GRC","ELECTRICITY","TOT","GWH","A","2016",50227,
"GRC","ELECTRICITY","TOT","GWH","A","2017",50589.215,
"GRC","ELECTRICITY","TOT","GWH","A","2018",50083.654,
"GRC","ELECTRICITY","TOT","GWH","A","2019",45557,
"GRC","ELECTRICITY","TOT","GWH","A","2020",45334.743,
"GRC","ELECTRICITY","TOT","GWH","A","2021",53055.958,
"GRC","ELECTRICITY","TOT","GWH","A","2022",,"L"
"HUN","ELECTRICITY","TOT","GWH","A","1990",25899,
"HUN","ELECTRICITY","TOT","GWH","A","1991",27465,
"HUN","ELECTRICITY","TOT","GWH","A","1992",29119,
"HUN","ELECTRICITY","TOT","GWH","A","1993",30354,
"HUN","ELECTRICITY","TOT","GWH","A","1994",30959,
"HUN","ELECTRICITY","TOT","GWH","A","1995",31264,
"HUN","ELECTRICITY","TOT","GWH","A","1996",32318,
"HUN","ELECTRICITY","TOT","GWH","A","1997",32435,
"HUN","ELECTRICITY","TOT","GWH","A","1998",34260,
"HUN","ELECTRICITY","TOT","GWH","A","1999",34904,
"HUN","ELECTRICITY","TOT","GWH","A","2000",32259,
"HUN","ELECTRICITY","TOT","GWH","A","2001",33704,
"HUN","ELECTRICITY","TOT","GWH","A","2002",33475,
"HUN","ELECTRICITY","TOT","GWH","A","2003",31378,
"HUN","ELECTRICITY","TOT","GWH","A","2004",31262,
"HUN","ELECTRICITY","TOT","GWH","A","2005",33219,
"HUN","ELECTRICITY","TOT","GWH","A","2006",33345,
"HUN","ELECTRICITY","TOT","GWH","A","2007",37220,
"HUN","ELECTRICITY","TOT","GWH","A","2008",37383,
"HUN","ELECTRICITY","TOT","GWH","A","2009",33344,
"HUN","ELECTRICITY","TOT","GWH","A","2010",34613,
"HUN","ELECTRICITY","TOT","GWH","A","2011",33533,
"HUN","ELECTRICITY","TOT","GWH","A","2012",32351,
"HUN","ELECTRICITY","TOT","GWH","A","2013",28031,
"HUN","ELECTRICITY","TOT","GWH","A","2014",27141,
"HUN","ELECTRICITY","TOT","GWH","A","2015",28150,
"HUN","ELECTRICITY","TOT","GWH","A","2016",29548,
"HUN","ELECTRICITY","TOT","GWH","A","2017",30728,
"HUN","ELECTRICITY","TOT","GWH","A","2018",29891,
"HUN","ELECTRICITY","TOT","GWH","A","2019",32137,
"HUN","ELECTRICITY","TOT","GWH","A","2020",32914,
"HUN","ELECTRICITY","TOT","GWH","A","2021",34148,
"HUN","ELECTRICITY","TOT","GWH","A","2022",,"L"
"ISL","ELECTRICITY","TOT","GWH","A","1990",4452,
"ISL","ELECTRICITY","TOT","GWH","A","1991",4432,
"ISL","ELECTRICITY","TOT","GWH","A","1992",4490,
"ISL","ELECTRICITY","TOT","GWH","A","1993",4667,
"ISL","ELECTRICITY","TOT","GWH","A","1994",4720,
"ISL","ELECTRICITY","TOT","GWH","A","1995",4903,
"ISL","ELECTRICITY","TOT","GWH","A","1996",5057,
"ISL","ELECTRICITY","TOT","GWH","A","1997",5522,
"ISL","ELECTRICITY","TOT","GWH","A","1998",6197,
"ISL","ELECTRICITY","TOT","GWH","A","1999",7071,
"ISL","ELECTRICITY","TOT","GWH","A","2000",7554,
"ISL","ELECTRICITY","TOT","GWH","A","2001",7892,
"ISL","ELECTRICITY","TOT","GWH","A","2002",8272,
"ISL","ELECTRICITY","TOT","GWH","A","2003",8356,
"ISL","ELECTRICITY","TOT","GWH","A","2004",8475,
"ISL","ELECTRICITY","TOT","GWH","A","2005",8513,
"ISL","ELECTRICITY","TOT","GWH","A","2006",9795,
"ISL","ELECTRICITY","TOT","GWH","A","2007",11783,
"ISL","ELECTRICITY","TOT","GWH","A","2008",16166,
"ISL","ELECTRICITY","TOT","GWH","A","2009",16521,
"ISL","ELECTRICITY","TOT","GWH","A","2010",16746,
"ISL","ELECTRICITY","TOT","GWH","A","2011",16851,
"ISL","ELECTRICITY","TOT","GWH","A","2012",17296,
"ISL","ELECTRICITY","TOT","GWH","A","2013",18000,
"ISL","ELECTRICITY","TOT","GWH","A","2014",17803,
"ISL","ELECTRICITY","TOT","GWH","A","2015",18558,
"ISL","ELECTRICITY","TOT","GWH","A","2016",18172,
"ISL","ELECTRICITY","TOT","GWH","A","2017",18846.295,
"ISL","ELECTRICITY","TOT","GWH","A","2018",19432.498,
"ISL","ELECTRICITY","TOT","GWH","A","2019",19119.793,
"ISL","ELECTRICITY","TOT","GWH","A","2020",18778.694,
"ISL","ELECTRICITY","TOT","GWH","A","2021",19226.948,
"ISL","ELECTRICITY","TOT","GWH","A","2022",,"L"
"IRL","ELECTRICITY","TOT","GWH","A","1990",13650,
"IRL","ELECTRICITY","TOT","GWH","A","1991",14243,
"IRL","ELECTRICITY","TOT","GWH","A","1992",15037,
"IRL","ELECTRICITY","TOT","GWH","A","1993",15419,
"IRL","ELECTRICITY","TOT","GWH","A","1994",16114,
"IRL","ELECTRICITY","TOT","GWH","A","1995",16818,
"IRL","ELECTRICITY","TOT","GWH","A","1996",18077,
"IRL","ELECTRICITY","TOT","GWH","A","1997",18825,
"IRL","ELECTRICITY","TOT","GWH","A","1998",20000,
"IRL","ELECTRICITY","TOT","GWH","A","1999",20890,
"IRL","ELECTRICITY","TOT","GWH","A","2000",22685,
"IRL","ELECTRICITY","TOT","GWH","A","2001",23679,
"IRL","ELECTRICITY","TOT","GWH","A","2002",23926,
"IRL","ELECTRICITY","TOT","GWH","A","2003",24065,
"IRL","ELECTRICITY","TOT","GWH","A","2004",24413,
"IRL","ELECTRICITY","TOT","GWH","A","2005",24791,
"IRL","ELECTRICITY","TOT","GWH","A","2006",26122,
"IRL","ELECTRICITY","TOT","GWH","A","2007",27435,
"IRL","ELECTRICITY","TOT","GWH","A","2008",28927,
"IRL","ELECTRICITY","TOT","GWH","A","2009",27127,
"IRL","ELECTRICITY","TOT","GWH","A","2010",27442,
"IRL","ELECTRICITY","TOT","GWH","A","2011",26365,
"IRL","ELECTRICITY","TOT","GWH","A","2012",26479,
"IRL","ELECTRICITY","TOT","GWH","A","2013",25116,
"IRL","ELECTRICITY","TOT","GWH","A","2014",25312,
"IRL","ELECTRICITY","TOT","GWH","A","2015",27623,
"IRL","ELECTRICITY","TOT","GWH","A","2016",29692,
"IRL","ELECTRICITY","TOT","GWH","A","2017",30093.469,
"IRL","ELECTRICITY","TOT","GWH","A","2018",30357.613,
"IRL","ELECTRICITY","TOT","GWH","A","2019",30276.095,
"IRL","ELECTRICITY","TOT","GWH","A","2020",31518.797,
"IRL","ELECTRICITY","TOT","GWH","A","2021",31019.939,
"IRL","ELECTRICITY","TOT","GWH","A","2022",,"L"
"ITA","ELECTRICITY","TOT","GWH","A","1990",205064,
"ITA","ELECTRICITY","TOT","GWH","A","1991",210290,
"ITA","ELECTRICITY","TOT","GWH","A","1992",214443,
"ITA","ELECTRICITY","TOT","GWH","A","1993",211371,
"ITA","ELECTRICITY","TOT","GWH","A","1994",220172,
"ITA","ELECTRICITY","TOT","GWH","A","1995",229216,
"ITA","ELECTRICITY","TOT","GWH","A","1996",232374,
"ITA","ELECTRICITY","TOT","GWH","A","1997",239297,
"ITA","ELECTRICITY","TOT","GWH","A","1998",246953,
"ITA","ELECTRICITY","TOT","GWH","A","1999",252748,
"ITA","ELECTRICITY","TOT","GWH","A","2000",263305,
"ITA","ELECTRICITY","TOT","GWH","A","2001",265981,
"ITA","ELECTRICITY","TOT","GWH","A","2002",270799,
"ITA","ELECTRICITY","TOT","GWH","A","2003",280203,
"ITA","ELECTRICITY","TOT","GWH","A","2004",290047,
"ITA","ELECTRICITY","TOT","GWH","A","2005",290635,
"ITA","ELECTRICITY","TOT","GWH","A","2006",301259,
"ITA","ELECTRICITY","TOT","GWH","A","2007",301299,
"ITA","ELECTRICITY","TOT","GWH","A","2008",307065,
"ITA","ELECTRICITY","TOT","GWH","A","2009",281106,
"ITA","ELECTRICITY","TOT","GWH","A","2010",290746,
"ITA","ELECTRICITY","TOT","GWH","A","2011",291442,
"ITA","ELECTRICITY","TOT","GWH","A","2012",287803,
"ITA","ELECTRICITY","TOT","GWH","A","2013",278833,
"ITA","ELECTRICITY","TOT","GWH","A","2014",269148,
"ITA","ELECTRICITY","TOT","GWH","A","2015",272428,
"ITA","ELECTRICITY","TOT","GWH","A","2016",279703,
"ITA","ELECTRICITY","TOT","GWH","A","2017",285265.649,
"ITA","ELECTRICITY","TOT","GWH","A","2018",279844.619,
"ITA","ELECTRICITY","TOT","GWH","A","2019",283950.056,
"ITA","ELECTRICITY","TOT","GWH","A","2020",271647.989,
"ITA","ELECTRICITY","TOT","GWH","A","2021",280045.209,
"ITA","ELECTRICITY","TOT","GWH","A","2022",,"L"
"JPN","ELECTRICITY","TOT","GWH","A","1990",837851,
"JPN","ELECTRICITY","TOT","GWH","A","1991",864507,
"JPN","ELECTRICITY","TOT","GWH","A","1992",868653,
"JPN","ELECTRICITY","TOT","GWH","A","1993",876534,
"JPN","ELECTRICITY","TOT","GWH","A","1994",930540,
"JPN","ELECTRICITY","TOT","GWH","A","1995",951529,
"JPN","ELECTRICITY","TOT","GWH","A","1996",971393,
"JPN","ELECTRICITY","TOT","GWH","A","1997",994887,
"JPN","ELECTRICITY","TOT","GWH","A","1998",991715,
"JPN","ELECTRICITY","TOT","GWH","A","1999",1008686,
"JPN","ELECTRICITY","TOT","GWH","A","2000",1027332,
"JPN","ELECTRICITY","TOT","GWH","A","2001",1010231,
"JPN","ELECTRICITY","TOT","GWH","A","2002",1027800,
"JPN","ELECTRICITY","TOT","GWH","A","2003",1018851,
"JPN","ELECTRICITY","TOT","GWH","A","2004",1047309,
"JPN","ELECTRICITY","TOT","GWH","A","2005",1065919,
"JPN","ELECTRICITY","TOT","GWH","A","2006",1070410,
"JPN","ELECTRICITY","TOT","GWH","A","2007",1098994,
"JPN","ELECTRICITY","TOT","GWH","A","2008",1066154,
"JPN","ELECTRICITY","TOT","GWH","A","2009",1049551,
"JPN","ELECTRICITY","TOT","GWH","A","2010",1128253,
"JPN","ELECTRICITY","TOT","GWH","A","2011",1072610,
"JPN","ELECTRICITY","TOT","GWH","A","2012",1061496,
"JPN","ELECTRICITY","TOT","GWH","A","2013",1066755,
"JPN","ELECTRICITY","TOT","GWH","A","2014",1040459,
"JPN","ELECTRICITY","TOT","GWH","A","2015",1024018,
"JPN","ELECTRICITY","TOT","GWH","A","2016",1025597,
"JPN","ELECTRICITY","TOT","GWH","A","2017",1032674.437,
"JPN","ELECTRICITY","TOT","GWH","A","2018",1023768.066,
"JPN","ELECTRICITY","TOT","GWH","A","2019",997015.238,
"JPN","ELECTRICITY","TOT","GWH","A","2020",976902.756,
"JPN","ELECTRICITY","TOT","GWH","A","2021",1008539.948,
"JPN","ELECTRICITY","TOT","GWH","A","2022",,"L"
"KOR","ELECTRICITY","TOT","GWH","A","1990",100290,
"KOR","ELECTRICITY","TOT","GWH","A","1991",109234,
"KOR","ELECTRICITY","TOT","GWH","A","1992",120191,
"KOR","ELECTRICITY","TOT","GWH","A","1993",138338,
"KOR","ELECTRICITY","TOT","GWH","A","1994",156381,
"KOR","ELECTRICITY","TOT","GWH","A","1995",175787,
"KOR","ELECTRICITY","TOT","GWH","A","1996",196715,
"KOR","ELECTRICITY","TOT","GWH","A","1997",215127,
"KOR","ELECTRICITY","TOT","GWH","A","1998",208115,
"KOR","ELECTRICITY","TOT","GWH","A","1999",226512,
"KOR","ELECTRICITY","TOT","GWH","A","2000",277691,
"KOR","ELECTRICITY","TOT","GWH","A","2001",297872,
"KOR","ELECTRICITY","TOT","GWH","A","2002",317295,
"KOR","ELECTRICITY","TOT","GWH","A","2003",329666,
"KOR","ELECTRICITY","TOT","GWH","A","2004",352725,
"KOR","ELECTRICITY","TOT","GWH","A","2005",372795,
"KOR","ELECTRICITY","TOT","GWH","A","2006",388205,
"KOR","ELECTRICITY","TOT","GWH","A","2007",410370,
"KOR","ELECTRICITY","TOT","GWH","A","2008",428661,
"KOR","ELECTRICITY","TOT","GWH","A","2009",434978,
"KOR","ELECTRICITY","TOT","GWH","A","2010",480392,
"KOR","ELECTRICITY","TOT","GWH","A","2011",503150,
"KOR","ELECTRICITY","TOT","GWH","A","2012",514346,
"KOR","ELECTRICITY","TOT","GWH","A","2013",521470,
"KOR","ELECTRICITY","TOT","GWH","A","2014",530007,
"KOR","ELECTRICITY","TOT","GWH","A","2015",528964,
"KOR","ELECTRICITY","TOT","GWH","A","2016",540084,
"KOR","ELECTRICITY","TOT","GWH","A","2017",545796.002,
"KOR","ELECTRICITY","TOT","GWH","A","2018",566845.053,
"KOR","ELECTRICITY","TOT","GWH","A","2019",559099.467,
"KOR","ELECTRICITY","TOT","GWH","A","2020",556911.298,
"KOR","ELECTRICITY","TOT","GWH","A","2021",580503.573,
"KOR","ELECTRICITY","TOT","GWH","A","2022",,"L"
"LUX","ELECTRICITY","TOT","GWH","A","1990",1333,
"LUX","ELECTRICITY","TOT","GWH","A","1991",1337,
"LUX","ELECTRICITY","TOT","GWH","A","1992",1153,
"LUX","ELECTRICITY","TOT","GWH","A","1993",1021,
"LUX","ELECTRICITY","TOT","GWH","A","1994",1107,
"LUX","ELECTRICITY","TOT","GWH","A","1995",1192,
"LUX","ELECTRICITY","TOT","GWH","A","1996",1227,
"LUX","ELECTRICITY","TOT","GWH","A","1997",1234,
"LUX","ELECTRICITY","TOT","GWH","A","1998",1255,
"LUX","ELECTRICITY","TOT","GWH","A","1999",1008,
"LUX","ELECTRICITY","TOT","GWH","A","2000",1132,
"LUX","ELECTRICITY","TOT","GWH","A","2001",1586,
"LUX","ELECTRICITY","TOT","GWH","A","2002",3673,
"LUX","ELECTRICITY","TOT","GWH","A","2003",3598,
"LUX","ELECTRICITY","TOT","GWH","A","2004",4103,
"LUX","ELECTRICITY","TOT","GWH","A","2005",4105,
"LUX","ELECTRICITY","TOT","GWH","A","2006",4302,
"LUX","ELECTRICITY","TOT","GWH","A","2007",3960,
"LUX","ELECTRICITY","TOT","GWH","A","2008",3517,
"LUX","ELECTRICITY","TOT","GWH","A","2009",3837,
"LUX","ELECTRICITY","TOT","GWH","A","2010",4561,
"LUX","ELECTRICITY","TOT","GWH","A","2011",3694,
"LUX","ELECTRICITY","TOT","GWH","A","2012",3787,
"LUX","ELECTRICITY","TOT","GWH","A","2013",2860,
"LUX","ELECTRICITY","TOT","GWH","A","2014",2938,
"LUX","ELECTRICITY","TOT","GWH","A","2015",2738,
"LUX","ELECTRICITY","TOT","GWH","A","2016",2168,
"LUX","ELECTRICITY","TOT","GWH","A","2017",2204.811,
"LUX","ELECTRICITY","TOT","GWH","A","2018",2170.172,
"LUX","ELECTRICITY","TOT","GWH","A","2019",1877.378,
"LUX","ELECTRICITY","TOT","GWH","A","2020",2205.471,
"LUX","ELECTRICITY","TOT","GWH","A","2021",2179.715,
"LUX","ELECTRICITY","TOT","GWH","A","2022",,"L"
"MEX","ELECTRICITY","TOT","GWH","A","1990",110011,
"MEX","ELECTRICITY","TOT","GWH","A","1991",121988,
"MEX","ELECTRICITY","TOT","GWH","A","1992",126290,
"MEX","ELECTRICITY","TOT","GWH","A","1993",128942,
"MEX","ELECTRICITY","TOT","GWH","A","1994",139603,
"MEX","ELECTRICITY","TOT","GWH","A","1995",145074,
"MEX","ELECTRICITY","TOT","GWH","A","1996",149539,
"MEX","ELECTRICITY","TOT","GWH","A","1997",158408,
"MEX","ELECTRICITY","TOT","GWH","A","1998",172127,
"MEX","ELECTRICITY","TOT","GWH","A","1999",181730,
"MEX","ELECTRICITY","TOT","GWH","A","2000",195104,
"MEX","ELECTRICITY","TOT","GWH","A","2001",201053,
"MEX","ELECTRICITY","TOT","GWH","A","2002",206602,
"MEX","ELECTRICITY","TOT","GWH","A","2003",206788,
"MEX","ELECTRICITY","TOT","GWH","A","2004",223884,
"MEX","ELECTRICITY","TOT","GWH","A","2005",235865,
"MEX","ELECTRICITY","TOT","GWH","A","2006",245004,
"MEX","ELECTRICITY","TOT","GWH","A","2007",251855,
"MEX","ELECTRICITY","TOT","GWH","A","2008",258453,
"MEX","ELECTRICITY","TOT","GWH","A","2009",256746,
"MEX","ELECTRICITY","TOT","GWH","A","2010",264336,
"MEX","ELECTRICITY","TOT","GWH","A","2011",280095,
"MEX","ELECTRICITY","TOT","GWH","A","2012",284405,
"MEX","ELECTRICITY","TOT","GWH","A","2013",287090,
"MEX","ELECTRICITY","TOT","GWH","A","2014",290050,
"MEX","ELECTRICITY","TOT","GWH","A","2015",297777,
"MEX","ELECTRICITY","TOT","GWH","A","2016",302876,
"MEX","ELECTRICITY","TOT","GWH","A","2017",309919,
"MEX","ELECTRICITY","TOT","GWH","A","2018",346093,
"MEX","ELECTRICITY","TOT","GWH","A","2019",338330,
"MEX","ELECTRICITY","TOT","GWH","A","2020",312233.27,
"MEX","ELECTRICITY","TOT","GWH","A","2021",371511,
"MEX","ELECTRICITY","TOT","GWH","A","2022",,"L"
"NLD","ELECTRICITY","TOT","GWH","A","1990",69464,
"NLD","ELECTRICITY","TOT","GWH","A","1991",71784,
"NLD","ELECTRICITY","TOT","GWH","A","1992",74574,
"NLD","ELECTRICITY","TOT","GWH","A","1993",74184,
"NLD","ELECTRICITY","TOT","GWH","A","1994",76694,
"NLD","ELECTRICITY","TOT","GWH","A","1995",77770,
"NLD","ELECTRICITY","TOT","GWH","A","1996",81838,
"NLD","ELECTRICITY","TOT","GWH","A","1997",83009,
"NLD","ELECTRICITY","TOT","GWH","A","1998",87643,
"NLD","ELECTRICITY","TOT","GWH","A","1999",83157,
"NLD","ELECTRICITY","TOT","GWH","A","2000",85998,
"NLD","ELECTRICITY","TOT","GWH","A","2001",89812,
"NLD","ELECTRICITY","TOT","GWH","A","2002",92041,
"NLD","ELECTRICITY","TOT","GWH","A","2003",92840,
"NLD","ELECTRICITY","TOT","GWH","A","2004",97043,
"NLD","ELECTRICITY","TOT","GWH","A","2005",95598,
"NLD","ELECTRICITY","TOT","GWH","A","2006",94489,
"NLD","ELECTRICITY","TOT","GWH","A","2007",100751,
"NLD","ELECTRICITY","TOT","GWH","A","2008",103187,
"NLD","ELECTRICITY","TOT","GWH","A","2009",108767,
"NLD","ELECTRICITY","TOT","GWH","A","2010",114825,
"NLD","ELECTRICITY","TOT","GWH","A","2011",109145,
"NLD","ELECTRICITY","TOT","GWH","A","2012",99174,
"NLD","ELECTRICITY","TOT","GWH","A","2013",97450,
"NLD","ELECTRICITY","TOT","GWH","A","2014",98715,
"NLD","ELECTRICITY","TOT","GWH","A","2015",105731,
"NLD","ELECTRICITY","TOT","GWH","A","2016",110979,
"NLD","ELECTRICITY","TOT","GWH","A","2017",113399.526,
"NLD","ELECTRICITY","TOT","GWH","A","2018",110848.612,
"NLD","ELECTRICITY","TOT","GWH","A","2019",117859.335,
"NLD","ELECTRICITY","TOT","GWH","A","2020",119879.788,
"NLD","ELECTRICITY","TOT","GWH","A","2021",118390.442,
"NLD","ELECTRICITY","TOT","GWH","A","2022",,"L"
"NZL","ELECTRICITY","TOT","GWH","A","1990",31787,
"NZL","ELECTRICITY","TOT","GWH","A","1991",32730,
"NZL","ELECTRICITY","TOT","GWH","A","1992",32229,
"NZL","ELECTRICITY","TOT","GWH","A","1993",33676,
"NZL","ELECTRICITY","TOT","GWH","A","1994",34347,
"NZL","ELECTRICITY","TOT","GWH","A","1995",35575,
"NZL","ELECTRICITY","TOT","GWH","A","1996",35870,
"NZL","ELECTRICITY","TOT","GWH","A","1997",36306,
"NZL","ELECTRICITY","TOT","GWH","A","1998",36734,
"NZL","ELECTRICITY","TOT","GWH","A","1999",36776,
"NZL","ELECTRICITY","TOT","GWH","A","2000",38200,
"NZL","ELECTRICITY","TOT","GWH","A","2001",38344,
"NZL","ELECTRICITY","TOT","GWH","A","2002",39481,
"NZL","ELECTRICITY","TOT","GWH","A","2003",39526,
"NZL","ELECTRICITY","TOT","GWH","A","2004",41527,
"NZL","ELECTRICITY","TOT","GWH","A","2005",41526,
"NZL","ELECTRICITY","TOT","GWH","A","2006",42063,
"NZL","ELECTRICITY","TOT","GWH","A","2007",42421,
"NZL","ELECTRICITY","TOT","GWH","A","2008",42392,
"NZL","ELECTRICITY","TOT","GWH","A","2009",42170,
"NZL","ELECTRICITY","TOT","GWH","A","2010",43570,
"NZL","ELECTRICITY","TOT","GWH","A","2011",43269,
"NZL","ELECTRICITY","TOT","GWH","A","2012",43030,
"NZL","ELECTRICITY","TOT","GWH","A","2013",42200,
"NZL","ELECTRICITY","TOT","GWH","A","2014",42462,
"NZL","ELECTRICITY","TOT","GWH","A","2015",43139,
"NZL","ELECTRICITY","TOT","GWH","A","2016",42703,
"NZL","ELECTRICITY","TOT","GWH","A","2017",43108.881,
"NZL","ELECTRICITY","TOT","GWH","A","2018",43253.502,
"NZL","ELECTRICITY","TOT","GWH","A","2019",43589.8,
"NZL","ELECTRICITY","TOT","GWH","A","2020",43182.479,
"NZL","ELECTRICITY","TOT","GWH","A","2021",43269.585,
"NZL","ELECTRICITY","TOT","GWH","A","2022",,"L"
"NOR","ELECTRICITY","TOT","GWH","A","1990",120830,
"NOR","ELECTRICITY","TOT","GWH","A","1991",110083,
"NOR","ELECTRICITY","TOT","GWH","A","1992",116540,
"NOR","ELECTRICITY","TOT","GWH","A","1993",119261,
"NOR","ELECTRICITY","TOT","GWH","A","1994",112604,
"NOR","ELECTRICITY","TOT","GWH","A","1995",122607,
"NOR","ELECTRICITY","TOT","GWH","A","1996",104386,
"NOR","ELECTRICITY","TOT","GWH","A","1997",111052,
"NOR","ELECTRICITY","TOT","GWH","A","1998",116063,
"NOR","ELECTRICITY","TOT","GWH","A","1999",121753,
"NOR","ELECTRICITY","TOT","GWH","A","2000",142317,
"NOR","ELECTRICITY","TOT","GWH","A","2001",120970,
"NOR","ELECTRICITY","TOT","GWH","A","2002",130103,
"NOR","ELECTRICITY","TOT","GWH","A","2003",106784,
"NOR","ELECTRICITY","TOT","GWH","A","2004",109848,
"NOR","ELECTRICITY","TOT","GWH","A","2005",137374,
"NOR","ELECTRICITY","TOT","GWH","A","2006",120995,
"NOR","ELECTRICITY","TOT","GWH","A","2007",136636,
"NOR","ELECTRICITY","TOT","GWH","A","2008",141497,
"NOR","ELECTRICITY","TOT","GWH","A","2009",131165,
"NOR","ELECTRICITY","TOT","GWH","A","2010",123140,
"NOR","ELECTRICITY","TOT","GWH","A","2011",127039,
"NOR","ELECTRICITY","TOT","GWH","A","2012",147128,
"NOR","ELECTRICITY","TOT","GWH","A","2013",133485,
"NOR","ELECTRICITY","TOT","GWH","A","2014",141342,
"NOR","ELECTRICITY","TOT","GWH","A","2015",143904,
"NOR","ELECTRICITY","TOT","GWH","A","2016",148479,
"NOR","ELECTRICITY","TOT","GWH","A","2017",148763,
"NOR","ELECTRICITY","TOT","GWH","A","2018",146346.45,
"NOR","ELECTRICITY","TOT","GWH","A","2019",134075.925,
"NOR","ELECTRICITY","TOT","GWH","A","2020",154302.735,
"NOR","ELECTRICITY","TOT","GWH","A","2021",157247.272,
"NOR","ELECTRICITY","TOT","GWH","A","2022",,"L"
"POL","ELECTRICITY","TOT","GWH","A","1990",123410,
"POL","ELECTRICITY","TOT","GWH","A","1991",122181,
"POL","ELECTRICITY","TOT","GWH","A","1992",120409,
"POL","ELECTRICITY","TOT","GWH","A","1993",121554,
"POL","ELECTRICITY","TOT","GWH","A","1994",122853,
"POL","ELECTRICITY","TOT","GWH","A","1995",127442,
"POL","ELECTRICITY","TOT","GWH","A","1996",131195,
"POL","ELECTRICITY","TOT","GWH","A","1997",130309,
"POL","ELECTRICITY","TOT","GWH","A","1998",130278,
"POL","ELECTRICITY","TOT","GWH","A","1999",129498,
"POL","ELECTRICITY","TOT","GWH","A","2000",132214,
"POL","ELECTRICITY","TOT","GWH","A","2001",132666,
"POL","ELECTRICITY","TOT","GWH","A","2002",131374,
"POL","ELECTRICITY","TOT","GWH","A","2003",138367,
"POL","ELECTRICITY","TOT","GWH","A","2004",140789,
"POL","ELECTRICITY","TOT","GWH","A","2005",143615,
"POL","ELECTRICITY","TOT","GWH","A","2006",147685,
"POL","ELECTRICITY","TOT","GWH","A","2007",145393,
"POL","ELECTRICITY","TOT","GWH","A","2008",141498,
"POL","ELECTRICITY","TOT","GWH","A","2009",137908,
"POL","ELECTRICITY","TOT","GWH","A","2010",143457,
"POL","ELECTRICITY","TOT","GWH","A","2011",148913,
"POL","ELECTRICITY","TOT","GWH","A","2012",147649,
"POL","ELECTRICITY","TOT","GWH","A","2013",150079,
"POL","ELECTRICITY","TOT","GWH","A","2014",145214,
"POL","ELECTRICITY","TOT","GWH","A","2015",150695,
"POL","ELECTRICITY","TOT","GWH","A","2016",152003,
"POL","ELECTRICITY","TOT","GWH","A","2017",154869.344,
"POL","ELECTRICITY","TOT","GWH","A","2018",155259.671,
"POL","ELECTRICITY","TOT","GWH","A","2019",151362.969,
"POL","ELECTRICITY","TOT","GWH","A","2020",146150.551,
"POL","ELECTRICITY","TOT","GWH","A","2021",166801.043,
"POL","ELECTRICITY","TOT","GWH","A","2022",,"L"
"PRT","ELECTRICITY","TOT","GWH","A","1990",27449,
"PRT","ELECTRICITY","TOT","GWH","A","1991",28638,
"PRT","ELECTRICITY","TOT","GWH","A","1992",28699,
"PRT","ELECTRICITY","TOT","GWH","A","1993",29921,
"PRT","ELECTRICITY","TOT","GWH","A","1994",30183,
"PRT","ELECTRICITY","TOT","GWH","A","1995",31859,
"PRT","ELECTRICITY","TOT","GWH","A","1996",33171,
"PRT","ELECTRICITY","TOT","GWH","A","1997",32850,
"PRT","ELECTRICITY","TOT","GWH","A","1998",37473,
"PRT","ELECTRICITY","TOT","GWH","A","1999",41724,
"PRT","ELECTRICITY","TOT","GWH","A","2000",42215,
"PRT","ELECTRICITY","TOT","GWH","A","2001",44844,
"PRT","ELECTRICITY","TOT","GWH","A","2002",44390,
"PRT","ELECTRICITY","TOT","GWH","A","2003",45375,
"PRT","ELECTRICITY","TOT","GWH","A","2004",43482,
"PRT","ELECTRICITY","TOT","GWH","A","2005",44984,
"PRT","ELECTRICITY","TOT","GWH","A","2006",47493,
"PRT","ELECTRICITY","TOT","GWH","A","2007",45908,
"PRT","ELECTRICITY","TOT","GWH","A","2008",44584,
"PRT","ELECTRICITY","TOT","GWH","A","2009",48718,
"PRT","ELECTRICITY","TOT","GWH","A","2010",52783,
"PRT","ELECTRICITY","TOT","GWH","A","2011",51128,
"PRT","ELECTRICITY","TOT","GWH","A","2012",45254,
"PRT","ELECTRICITY","TOT","GWH","A","2013",50412,
"PRT","ELECTRICITY","TOT","GWH","A","2014",51527,
"PRT","ELECTRICITY","TOT","GWH","A","2015",50940,
"PRT","ELECTRICITY","TOT","GWH","A","2016",58862,
"PRT","ELECTRICITY","TOT","GWH","A","2017",57668.978,
"PRT","ELECTRICITY","TOT","GWH","A","2018",58197.215,
"PRT","ELECTRICITY","TOT","GWH","A","2019",52185.2,
"PRT","ELECTRICITY","TOT","GWH","A","2020",52278.265,
"PRT","ELECTRICITY","TOT","GWH","A","2021",50362.481,
"PRT","ELECTRICITY","TOT","GWH","A","2022",,"L"
"SVK","ELECTRICITY","TOT","GWH","A","1990",23022,
"SVK","ELECTRICITY","TOT","GWH","A","1991",21627,
"SVK","ELECTRICITY","TOT","GWH","A","1992",20569,
"SVK","ELECTRICITY","TOT","GWH","A","1993",21776,
"SVK","ELECTRICITY","TOT","GWH","A","1994",22721,
"SVK","ELECTRICITY","TOT","GWH","A","1995",23418,
"SVK","ELECTRICITY","TOT","GWH","A","1996",22783,
"SVK","ELECTRICITY","TOT","GWH","A","1997",22105,
"SVK","ELECTRICITY","TOT","GWH","A","1998",23002,
"SVK","ELECTRICITY","TOT","GWH","A","1999",25410,
"SVK","ELECTRICITY","TOT","GWH","A","2000",27744,
"SVK","ELECTRICITY","TOT","GWH","A","2001",29613,
"SVK","ELECTRICITY","TOT","GWH","A","2002",29980,
"SVK","ELECTRICITY","TOT","GWH","A","2003",28715,
"SVK","ELECTRICITY","TOT","GWH","A","2004",28153,
"SVK","ELECTRICITY","TOT","GWH","A","2005",29291,
"SVK","ELECTRICITY","TOT","GWH","A","2006",28906,
"SVK","ELECTRICITY","TOT","GWH","A","2007",25766,
"SVK","ELECTRICITY","TOT","GWH","A","2008",26645,
"SVK","ELECTRICITY","TOT","GWH","A","2009",24102,
"SVK","ELECTRICITY","TOT","GWH","A","2010",25431,
"SVK","ELECTRICITY","TOT","GWH","A","2011",26090,
"SVK","ELECTRICITY","TOT","GWH","A","2012",26137,
"SVK","ELECTRICITY","TOT","GWH","A","2013",27172,
"SVK","ELECTRICITY","TOT","GWH","A","2014",25007,
"SVK","ELECTRICITY","TOT","GWH","A","2015",24758,
"SVK","ELECTRICITY","TOT","GWH","A","2016",24997,
"SVK","ELECTRICITY","TOT","GWH","A","2017",25692,
"SVK","ELECTRICITY","TOT","GWH","A","2018",24863,
"SVK","ELECTRICITY","TOT","GWH","A","2019",26366,
"SVK","ELECTRICITY","TOT","GWH","A","2020",26373,
"SVK","ELECTRICITY","TOT","GWH","A","2021",27458,
"SVK","ELECTRICITY","TOT","GWH","A","2022",,"L"
"ESP","ELECTRICITY","TOT","GWH","A","1990",144651,
"ESP","ELECTRICITY","TOT","GWH","A","1991",148651,
"ESP","ELECTRICITY","TOT","GWH","A","1992",151156,
"ESP","ELECTRICITY","TOT","GWH","A","1993",149564,
"ESP","ELECTRICITY","TOT","GWH","A","1994",154645,
"ESP","ELECTRICITY","TOT","GWH","A","1995",159096,
"ESP","ELECTRICITY","TOT","GWH","A","1996",167590,
"ESP","ELECTRICITY","TOT","GWH","A","1997",182375,
"ESP","ELECTRICITY","TOT","GWH","A","1998",187299,
"ESP","ELECTRICITY","TOT","GWH","A","1999",198884,
"ESP","ELECTRICITY","TOT","GWH","A","2000",214437,
"ESP","ELECTRICITY","TOT","GWH","A","2001",225952,
"ESP","ELECTRICITY","TOT","GWH","A","2002",232728,
"ESP","ELECTRICITY","TOT","GWH","A","2003",250187,
"ESP","ELECTRICITY","TOT","GWH","A","2004",268709,
"ESP","ELECTRICITY","TOT","GWH","A","2005",282139,
"ESP","ELECTRICITY","TOT","GWH","A","2006",287713,
"ESP","ELECTRICITY","TOT","GWH","A","2007",293230,
"ESP","ELECTRICITY","TOT","GWH","A","2008",301545,
"ESP","ELECTRICITY","TOT","GWH","A","2009",283447,
"ESP","ELECTRICITY","TOT","GWH","A","2010",290951,
"ESP","ELECTRICITY","TOT","GWH","A","2011",283278,
"ESP","ELECTRICITY","TOT","GWH","A","2012",286574,
"ESP","ELECTRICITY","TOT","GWH","A","2013",275399,
"ESP","ELECTRICITY","TOT","GWH","A","2014",268380,
"ESP","ELECTRICITY","TOT","GWH","A","2015",269751,
"ESP","ELECTRICITY","TOT","GWH","A","2016",264344,
"ESP","ELECTRICITY","TOT","GWH","A","2017",264918,
"ESP","ELECTRICITY","TOT","GWH","A","2018",263827,
"ESP","ELECTRICITY","TOT","GWH","A","2019",263796,
"ESP","ELECTRICITY","TOT","GWH","A","2020",254591,
"ESP","ELECTRICITY","TOT","GWH","A","2021",265331,
"ESP","ELECTRICITY","TOT","GWH","A","2022",,"L"
"SWE","ELECTRICITY","TOT","GWH","A","1990",142511,
"SWE","ELECTRICITY","TOT","GWH","A","1991",143040,
"SWE","ELECTRICITY","TOT","GWH","A","1992",142533,
"SWE","ELECTRICITY","TOT","GWH","A","1993",142020,
"SWE","ELECTRICITY","TOT","GWH","A","1994",138907,
"SWE","ELECTRICITY","TOT","GWH","A","1995",144226,
"SWE","ELECTRICITY","TOT","GWH","A","1996",136557,
"SWE","ELECTRICITY","TOT","GWH","A","1997",145027,
"SWE","ELECTRICITY","TOT","GWH","A","1998",154385,
"SWE","ELECTRICITY","TOT","GWH","A","1999",150539,
"SWE","ELECTRICITY","TOT","GWH","A","2000",141594,
"SWE","ELECTRICITY","TOT","GWH","A","2001",157637,
"SWE","ELECTRICITY","TOT","GWH","A","2002",143235,
"SWE","ELECTRICITY","TOT","GWH","A","2003",132537,
"SWE","ELECTRICITY","TOT","GWH","A","2004",148541,
"SWE","ELECTRICITY","TOT","GWH","A","2005",154611,
"SWE","ELECTRICITY","TOT","GWH","A","2006",140371,
"SWE","ELECTRICITY","TOT","GWH","A","2007",145129,
"SWE","ELECTRICITY","TOT","GWH","A","2008",146412,
"SWE","ELECTRICITY","TOT","GWH","A","2009",133349,
"SWE","ELECTRICITY","TOT","GWH","A","2010",145264,
"SWE","ELECTRICITY","TOT","GWH","A","2011",146965,
"SWE","ELECTRICITY","TOT","GWH","A","2012",162829,
"SWE","ELECTRICITY","TOT","GWH","A","2013",149539,
"SWE","ELECTRICITY","TOT","GWH","A","2014",149957,
"SWE","ELECTRICITY","TOT","GWH","A","2015",159045,
"SWE","ELECTRICITY","TOT","GWH","A","2016",152531,
"SWE","ELECTRICITY","TOT","GWH","A","2017",160526,
"SWE","ELECTRICITY","TOT","GWH","A","2018",159677,
"SWE","ELECTRICITY","TOT","GWH","A","2019",165645,
"SWE","ELECTRICITY","TOT","GWH","A","2020",160914,
"SWE","ELECTRICITY","TOT","GWH","A","2021",168623,
"SWE","ELECTRICITY","TOT","GWH","A","2022",,"L"
"CHE","ELECTRICITY","TOT","GWH","A","1990",54452,
"CHE","ELECTRICITY","TOT","GWH","A","1991",56496,
"CHE","ELECTRICITY","TOT","GWH","A","1992",57900,
"CHE","ELECTRICITY","TOT","GWH","A","1993",59927,
"CHE","ELECTRICITY","TOT","GWH","A","1994",64431,
"CHE","ELECTRICITY","TOT","GWH","A","1995",61160,
"CHE","ELECTRICITY","TOT","GWH","A","1996",55665,
"CHE","ELECTRICITY","TOT","GWH","A","1997",61180,
"CHE","ELECTRICITY","TOT","GWH","A","1998",61515,
"CHE","ELECTRICITY","TOT","GWH","A","1999",67682,
"CHE","ELECTRICITY","TOT","GWH","A","2000",65504,
"CHE","ELECTRICITY","TOT","GWH","A","2001",70336,
"CHE","ELECTRICITY","TOT","GWH","A","2002",65120,
"CHE","ELECTRICITY","TOT","GWH","A","2003",65316,
"CHE","ELECTRICITY","TOT","GWH","A","2004",63551,
"CHE","ELECTRICITY","TOT","GWH","A","2005",57840,
"CHE","ELECTRICITY","TOT","GWH","A","2006",61992,
"CHE","ELECTRICITY","TOT","GWH","A","2007",65820,
"CHE","ELECTRICITY","TOT","GWH","A","2008",66833,
"CHE","ELECTRICITY","TOT","GWH","A","2009",66362,
"CHE","ELECTRICITY","TOT","GWH","A","2010",66131,
"CHE","ELECTRICITY","TOT","GWH","A","2011",62959,
"CHE","ELECTRICITY","TOT","GWH","A","2012",68159,
"CHE","ELECTRICITY","TOT","GWH","A","2013",68515,
"CHE","ELECTRICITY","TOT","GWH","A","2014",69986,
"CHE","ELECTRICITY","TOT","GWH","A","2015",66119,
"CHE","ELECTRICITY","TOT","GWH","A","2016",61700,
"CHE","ELECTRICITY","TOT","GWH","A","2017",61657.252,
"CHE","ELECTRICITY","TOT","GWH","A","2018",67450.786,
"CHE","ELECTRICITY","TOT","GWH","A","2019",71746.087,
"CHE","ELECTRICITY","TOT","GWH","A","2020",70019.984,
"CHE","ELECTRICITY","TOT","GWH","A","2021",64623.704,
"CHE","ELECTRICITY","TOT","GWH","A","2022",,"L"
"TUR","ELECTRICITY","TOT","GWH","A","1990",54232,
"TUR","ELECTRICITY","TOT","GWH","A","1991",56591,
"TUR","ELECTRICITY","TOT","GWH","A","1992",63105,
"TUR","ELECTRICITY","TOT","GWH","A","1993",69865,
"TUR","ELECTRICITY","TOT","GWH","A","1994",73782,
"TUR","ELECTRICITY","TOT","GWH","A","1995",81859,
"TUR","ELECTRICITY","TOT","GWH","A","1996",90084,
"TUR","ELECTRICITY","TOT","GWH","A","1997",98246,
"TUR","ELECTRICITY","TOT","GWH","A","1998",105499,
"TUR","ELECTRICITY","TOT","GWH","A","1999",110702,
"TUR","ELECTRICITY","TOT","GWH","A","2000",118698,
"TUR","ELECTRICITY","TOT","GWH","A","2001",116251,
"TUR","ELECTRICITY","TOT","GWH","A","2002",123727,
"TUR","ELECTRICITY","TOT","GWH","A","2003",135248,
"TUR","ELECTRICITY","TOT","GWH","A","2004",145066,
"TUR","ELECTRICITY","TOT","GWH","A","2005",155469,
"TUR","ELECTRICITY","TOT","GWH","A","2006",169543,
"TUR","ELECTRICITY","TOT","GWH","A","2007",183340,
"TUR","ELECTRICITY","TOT","GWH","A","2008",189763,
"TUR","ELECTRICITY","TOT","GWH","A","2009",186619,
"TUR","ELECTRICITY","TOT","GWH","A","2010",203046,
"TUR","ELECTRICITY","TOT","GWH","A","2011",217558,
"TUR","ELECTRICITY","TOT","GWH","A","2012",227707,
"TUR","ELECTRICITY","TOT","GWH","A","2013",228977,
"TUR","ELECTRICITY","TOT","GWH","A","2014",239449,
"TUR","ELECTRICITY","TOT","GWH","A","2015",249900,
"TUR","ELECTRICITY","TOT","GWH","A","2016",261937,
"TUR","ELECTRICITY","TOT","GWH","A","2017",284257.519,
"TUR","ELECTRICITY","TOT","GWH","A","2018",290502.158,
"TUR","ELECTRICITY","TOT","GWH","A","2019",289135.759,
"TUR","ELECTRICITY","TOT","GWH","A","2020",292664.052,
"TUR","ELECTRICITY","TOT","GWH","A","2021",319539.981,
"TUR","ELECTRICITY","TOT","GWH","A","2022",,"L"
"GBR","ELECTRICITY","TOT","GWH","A","1990",300128,
"GBR","ELECTRICITY","TOT","GWH","A","1991",302764,
"GBR","ELECTRICITY","TOT","GWH","A","1992",300802,
"GBR","ELECTRICITY","TOT","GWH","A","1993",303806,
"GBR","ELECTRICITY","TOT","GWH","A","1994",308987,
"GBR","ELECTRICITY","TOT","GWH","A","1995",316625,
"GBR","ELECTRICITY","TOT","GWH","A","1996",334788,
"GBR","ELECTRICITY","TOT","GWH","A","1997",334107,
"GBR","ELECTRICITY","TOT","GWH","A","1998",345294,
"GBR","ELECTRICITY","TOT","GWH","A","1999",351446,
"GBR","ELECTRICITY","TOT","GWH","A","2000",360765,
"GBR","ELECTRICITY","TOT","GWH","A","2001",367392,
"GBR","ELECTRICITY","TOT","GWH","A","2002",370121,
"GBR","ELECTRICITY","TOT","GWH","A","2003",380072,
"GBR","ELECTRICITY","TOT","GWH","A","2004",376904,
"GBR","ELECTRICITY","TOT","GWH","A","2005",380483,
"GBR","ELECTRICITY","TOT","GWH","A","2006",378779,
"GBR","ELECTRICITY","TOT","GWH","A","2007",379136,
"GBR","ELECTRICITY","TOT","GWH","A","2008",373120,
"GBR","ELECTRICITY","TOT","GWH","A","2009",359764,
"GBR","ELECTRICITY","TOT","GWH","A","2010",364781,
"GBR","ELECTRICITY","TOT","GWH","A","2011",350393,
"GBR","ELECTRICITY","TOT","GWH","A","2012",344812,
"GBR","ELECTRICITY","TOT","GWH","A","2013",339367,
"GBR","ELECTRICITY","TOT","GWH","A","2014",320380,
"GBR","ELECTRICITY","TOT","GWH","A","2015",320449,
"GBR","ELECTRICITY","TOT","GWH","A","2016",321910,
"GBR","ELECTRICITY","TOT","GWH","A","2017",320849.205,
"GBR","ELECTRICITY","TOT","GWH","A","2018",316592.789,
"GBR","ELECTRICITY","TOT","GWH","A","2019",311951.01,
"GBR","ELECTRICITY","TOT","GWH","A","2020",300002.841,
"GBR","ELECTRICITY","TOT","GWH","A","2021",297159.967,
"GBR","ELECTRICITY","TOT","GWH","A","2022",,"L"
"USA","ELECTRICITY","TOT","GWH","A","1990",3029842,
"USA","ELECTRICITY","TOT","GWH","A","1991",3084779,
"USA","ELECTRICITY","TOT","GWH","A","1992",3097912,
"USA","ELECTRICITY","TOT","GWH","A","1993",3211018,
"USA","ELECTRICITY","TOT","GWH","A","1994",3268251,
"USA","ELECTRICITY","TOT","GWH","A","1995",3373176,
"USA","ELECTRICITY","TOT","GWH","A","1996",3464067,
"USA","ELECTRICITY","TOT","GWH","A","1997",3482195,
"USA","ELECTRICITY","TOT","GWH","A","1998",3604427,
"USA","ELECTRICITY","TOT","GWH","A","1999",3681067,
"USA","ELECTRICITY","TOT","GWH","A","2000",3816731,
"USA","ELECTRICITY","TOT","GWH","A","2001",3736858,
"USA","ELECTRICITY","TOT","GWH","A","2002",3892170,
"USA","ELECTRICITY","TOT","GWH","A","2003",3919132,
"USA","ELECTRICITY","TOT","GWH","A","2004",4006188,
"USA","ELECTRICITY","TOT","GWH","A","2005",4087961,
"USA","ELECTRICITY","TOT","GWH","A","2006",4097795,
"USA","ELECTRICITY","TOT","GWH","A","2007",4190552,
"USA","ELECTRICITY","TOT","GWH","A","2008",4152093,
"USA","ELECTRICITY","TOT","GWH","A","2009",3978760,
"USA","ELECTRICITY","TOT","GWH","A","2010",4158959,
"USA","ELECTRICITY","TOT","GWH","A","2011",4136136,
"USA","ELECTRICITY","TOT","GWH","A","2012",4077151,
"USA","ELECTRICITY","TOT","GWH","A","2013",4093401,
"USA","ELECTRICITY","TOT","GWH","A","2014",4123552,
"USA","ELECTRICITY","TOT","GWH","A","2015",4109219,
"USA","ELECTRICITY","TOT","GWH","A","2016",4119445,
"USA","ELECTRICITY","TOT","GWH","A","2017",4086002.602,
"USA","ELECTRICITY","TOT","GWH","A","2018",4236927.396,
"USA","ELECTRICITY","TOT","GWH","A","2019",4195573.397,
"USA","ELECTRICITY","TOT","GWH","A","2020",4080723.877,
"USA","ELECTRICITY","TOT","GWH","A","2021",4187448.834,
"USA","ELECTRICITY","TOT","GWH","A","2022",,"L"
"OEU","ELECTRICITY","TOT","GWH","A","1990",2560911,
"OEU","ELECTRICITY","TOT","GWH","A","1991",2608146,
"OEU","ELECTRICITY","TOT","GWH","A","1992",2615419,
"OEU","ELECTRICITY","TOT","GWH","A","1993",2627706,
"OEU","ELECTRICITY","TOT","GWH","A","1994",2670615,
"OEU","ELECTRICITY","TOT","GWH","A","1995",2752327,
"OEU","ELECTRICITY","TOT","GWH","A","1996",2833838,
"OEU","ELECTRICITY","TOT","GWH","A","1997",2868117,
"OEU","ELECTRICITY","TOT","GWH","A","1998",2948565,
"OEU","ELECTRICITY","TOT","GWH","A","1999",3002463,
"OEU","ELECTRICITY","TOT","GWH","A","2000",3106067,
"OEU","ELECTRICITY","TOT","GWH","A","2001",3162760,
"OEU","ELECTRICITY","TOT","GWH","A","2002",3196073,
"OEU","ELECTRICITY","TOT","GWH","A","2003",3271730,
"OEU","ELECTRICITY","TOT","GWH","A","2004",3349215,
"OEU","ELECTRICITY","TOT","GWH","A","2005",3397009,
"OEU","ELECTRICITY","TOT","GWH","A","2006",3438303,
"OEU","ELECTRICITY","TOT","GWH","A","2007",3492213,
"OEU","ELECTRICITY","TOT","GWH","A","2008",3510787,
"OEU","ELECTRICITY","TOT","GWH","A","2009",3345218,
"OEU","ELECTRICITY","TOT","GWH","A","2010",3485687,
"OEU","ELECTRICITY","TOT","GWH","A","2011",3443303,
"OEU","ELECTRICITY","TOT","GWH","A","2012",3478461,
"OEU","ELECTRICITY","TOT","GWH","A","2013",3448721,
"OEU","ELECTRICITY","TOT","GWH","A","2014",3382436,
"OEU","ELECTRICITY","TOT","GWH","A","2015",3437349,
"OEU","ELECTRICITY","TOT","GWH","A","2016",3477005,
"OEU","ELECTRICITY","TOT","GWH","A","2017",3530688.954,
"OEU","ELECTRICITY","TOT","GWH","A","2018",3519908.106,
"OEU","ELECTRICITY","TOT","GWH","A","2019",3487439.565,
"OEU","ELECTRICITY","TOT","GWH","A","2020",3394725.234,
"OEU","ELECTRICITY","TOT","GWH","A","2021",3522548.364,
"OEU","ELECTRICITY","TOT","GWH","A","2022",,"L"
"CHL","ELECTRICITY","TOT","GWH","A","1990",17757,
"CHL","ELECTRICITY","TOT","GWH","A","1991",19498,
"CHL","ELECTRICITY","TOT","GWH","A","1992",21984,
"CHL","ELECTRICITY","TOT","GWH","A","1993",23528,
"CHL","ELECTRICITY","TOT","GWH","A","1994",24728,
"CHL","ELECTRICITY","TOT","GWH","A","1995",27408,
"CHL","ELECTRICITY","TOT","GWH","A","1996",29873,
"CHL","ELECTRICITY","TOT","GWH","A","1997",32351,
"CHL","ELECTRICITY","TOT","GWH","A","1998",34157,
"CHL","ELECTRICITY","TOT","GWH","A","1999",37166,
"CHL","ELECTRICITY","TOT","GWH","A","2000",38874,
"CHL","ELECTRICITY","TOT","GWH","A","2001",41679,
"CHL","ELECTRICITY","TOT","GWH","A","2002",42245,
"CHL","ELECTRICITY","TOT","GWH","A","2003",45778,
"CHL","ELECTRICITY","TOT","GWH","A","2004",49677,
"CHL","ELECTRICITY","TOT","GWH","A","2005",51295,
"CHL","ELECTRICITY","TOT","GWH","A","2006",53991,
"CHL","ELECTRICITY","TOT","GWH","A","2007",56939,
"CHL","ELECTRICITY","TOT","GWH","A","2008",58081,
"CHL","ELECTRICITY","TOT","GWH","A","2009",58729,
"CHL","ELECTRICITY","TOT","GWH","A","2010",58334,
"CHL","ELECTRICITY","TOT","GWH","A","2011",63189,
"CHL","ELECTRICITY","TOT","GWH","A","2012",65840,
"CHL","ELECTRICITY","TOT","GWH","A","2013",69744,
"CHL","ELECTRICITY","TOT","GWH","A","2014",69452,
"CHL","ELECTRICITY","TOT","GWH","A","2015",72055,
"CHL","ELECTRICITY","TOT","GWH","A","2016",76480,
"CHL","ELECTRICITY","TOT","GWH","A","2017",77053.767,
"CHL","ELECTRICITY","TOT","GWH","A","2018",79907.797,
"CHL","ELECTRICITY","TOT","GWH","A","2019",82100.15,
"CHL","ELECTRICITY","TOT","GWH","A","2020",81600.425,
"CHL","ELECTRICITY","TOT","GWH","A","2021",85560.378,
"CHL","ELECTRICITY","TOT","GWH","A","2022",,"L"
"EST","ELECTRICITY","TOT","GWH","A","1990",15448,
"EST","ELECTRICITY","TOT","GWH","A","1991",13061,
"EST","ELECTRICITY","TOT","GWH","A","1992",10437,
"EST","ELECTRICITY","TOT","GWH","A","1993",7993,
"EST","ELECTRICITY","TOT","GWH","A","1994",8006,
"EST","ELECTRICITY","TOT","GWH","A","1995",7606,
"EST","ELECTRICITY","TOT","GWH","A","1996",7986,
"EST","ELECTRICITY","TOT","GWH","A","1997",8065,
"EST","ELECTRICITY","TOT","GWH","A","1998",7538,
"EST","ELECTRICITY","TOT","GWH","A","1999",7352,
"EST","ELECTRICITY","TOT","GWH","A","2000",7591,
"EST","ELECTRICITY","TOT","GWH","A","2001",7590,
"EST","ELECTRICITY","TOT","GWH","A","2002",7634,
"EST","ELECTRICITY","TOT","GWH","A","2003",9101,
"EST","ELECTRICITY","TOT","GWH","A","2004",9232,
"EST","ELECTRICITY","TOT","GWH","A","2005",9114,
"EST","ELECTRICITY","TOT","GWH","A","2006",8729,
"EST","ELECTRICITY","TOT","GWH","A","2007",10954,
"EST","ELECTRICITY","TOT","GWH","A","2008",9498,
"EST","ELECTRICITY","TOT","GWH","A","2009",7884,
"EST","ELECTRICITY","TOT","GWH","A","2010",11732,
"EST","ELECTRICITY","TOT","GWH","A","2011",11667,
"EST","ELECTRICITY","TOT","GWH","A","2012",10527,
"EST","ELECTRICITY","TOT","GWH","A","2013",11823,
"EST","ELECTRICITY","TOT","GWH","A","2014",11013,
"EST","ELECTRICITY","TOT","GWH","A","2015",9062,
"EST","ELECTRICITY","TOT","GWH","A","2016",10434,
"EST","ELECTRICITY","TOT","GWH","A","2017",11248.492,
"EST","ELECTRICITY","TOT","GWH","A","2018",10932.802,
"EST","ELECTRICITY","TOT","GWH","A","2019",6600.1,
"EST","ELECTRICITY","TOT","GWH","A","2020",5316.784,
"EST","ELECTRICITY","TOT","GWH","A","2021",6460.895,
"EST","ELECTRICITY","TOT","GWH","A","2022",,"L"
"ISR","ELECTRICITY","TOT","GWH","A","1990",19621,
"ISR","ELECTRICITY","TOT","GWH","A","1991",20470,
"ISR","ELECTRICITY","TOT","GWH","A","1992",23678,
"ISR","ELECTRICITY","TOT","GWH","A","1993",24435,
"ISR","ELECTRICITY","TOT","GWH","A","1994",26896,
"ISR","ELECTRICITY","TOT","GWH","A","1995",28856,
"ISR","ELECTRICITY","TOT","GWH","A","1996",30849,
"ISR","ELECTRICITY","TOT","GWH","A","1997",32335,
"ISR","ELECTRICITY","TOT","GWH","A","1998",34822,
"ISR","ELECTRICITY","TOT","GWH","A","1999",37250,
"ISR","ELECTRICITY","TOT","GWH","A","2000",40568,
"ISR","ELECTRICITY","TOT","GWH","A","2001",40464,
"ISR","ELECTRICITY","TOT","GWH","A","2002",41373,
"ISR","ELECTRICITY","TOT","GWH","A","2003",42883,
"ISR","ELECTRICITY","TOT","GWH","A","2004",43127,
"ISR","ELECTRICITY","TOT","GWH","A","2005",44502,
"ISR","ELECTRICITY","TOT","GWH","A","2006",46380,
"ISR","ELECTRICITY","TOT","GWH","A","2007",49247,
"ISR","ELECTRICITY","TOT","GWH","A","2008",53027,
"ISR","ELECTRICITY","TOT","GWH","A","2009",50541,
"ISR","ELECTRICITY","TOT","GWH","A","2010",53716,
"ISR","ELECTRICITY","TOT","GWH","A","2011",54717,
"ISR","ELECTRICITY","TOT","GWH","A","2012",57751,
"ISR","ELECTRICITY","TOT","GWH","A","2013",59182,
"ISR","ELECTRICITY","TOT","GWH","A","2014",58824,
"ISR","ELECTRICITY","TOT","GWH","A","2015",62298,
"ISR","ELECTRICITY","TOT","GWH","A","2016",64535,
"ISR","ELECTRICITY","TOT","GWH","A","2017",65475.517,
"ISR","ELECTRICITY","TOT","GWH","A","2018",66590.201,
"ISR","ELECTRICITY","TOT","GWH","A","2019",69926.153,
"ISR","ELECTRICITY","TOT","GWH","A","2020",69910.459,
"ISR","ELECTRICITY","TOT","GWH","A","2021",71489.405,
"ISR","ELECTRICITY","TOT","GWH","A","2022",,"L"
"SVN","ELECTRICITY","TOT","GWH","A","1990",11178,
"SVN","ELECTRICITY","TOT","GWH","A","1991",11586,
"SVN","ELECTRICITY","TOT","GWH","A","1992",11084,
"SVN","ELECTRICITY","TOT","GWH","A","1993",10722,
"SVN","ELECTRICITY","TOT","GWH","A","1994",11824,
"SVN","ELECTRICITY","TOT","GWH","A","1995",11827,
"SVN","ELECTRICITY","TOT","GWH","A","1996",12022,
"SVN","ELECTRICITY","TOT","GWH","A","1997",12357,
"SVN","ELECTRICITY","TOT","GWH","A","1998",12891,
"SVN","ELECTRICITY","TOT","GWH","A","1999",12457,
"SVN","ELECTRICITY","TOT","GWH","A","2000",12795,
"SVN","ELECTRICITY","TOT","GWH","A","2001",13591,
"SVN","ELECTRICITY","TOT","GWH","A","2002",13693,
"SVN","ELECTRICITY","TOT","GWH","A","2003",12895,
"SVN","ELECTRICITY","TOT","GWH","A","2004",14308,
"SVN","ELECTRICITY","TOT","GWH","A","2005",14149,
"SVN","ELECTRICITY","TOT","GWH","A","2006",14117,
"SVN","ELECTRICITY","TOT","GWH","A","2007",14044,
"SVN","ELECTRICITY","TOT","GWH","A","2008",15357,
"SVN","ELECTRICITY","TOT","GWH","A","2009",15375,
"SVN","ELECTRICITY","TOT","GWH","A","2010",15410,
"SVN","ELECTRICITY","TOT","GWH","A","2011",15001,
"SVN","ELECTRICITY","TOT","GWH","A","2012",14706,
"SVN","ELECTRICITY","TOT","GWH","A","2013",15117,
"SVN","ELECTRICITY","TOT","GWH","A","2014",16486,
"SVN","ELECTRICITY","TOT","GWH","A","2015",14187,
"SVN","ELECTRICITY","TOT","GWH","A","2016",15546,
"SVN","ELECTRICITY","TOT","GWH","A","2017",15396.876,
"SVN","ELECTRICITY","TOT","GWH","A","2018",15441.97,
"SVN","ELECTRICITY","TOT","GWH","A","2019",15224.354,
"SVN","ELECTRICITY","TOT","GWH","A","2020",16289.674,
"SVN","ELECTRICITY","TOT","GWH","A","2021",15048.057,
"SVN","ELECTRICITY","TOT","GWH","A","2022",,"L"
"OECD","ELECTRICITY","TOT","GWH","A","1990",7359486,
"OECD","ELECTRICITY","TOT","GWH","A","1991",7541494,
"OECD","ELECTRICITY","TOT","GWH","A","1992",7597893,
"OECD","ELECTRICITY","TOT","GWH","A","1993",7777088,
"OECD","ELECTRICITY","TOT","GWH","A","1994",7993459,
"OECD","ELECTRICITY","TOT","GWH","A","1995",8242552,
"OECD","ELECTRICITY","TOT","GWH","A","1996",8483273,
"OECD","ELECTRICITY","TOT","GWH","A","1997",8597990,
"OECD","ELECTRICITY","TOT","GWH","A","1998",8807743,
"OECD","ELECTRICITY","TOT","GWH","A","1999",9011452,
"OECD","ELECTRICITY","TOT","GWH","A","2000",9372316,
"OECD","ELECTRICITY","TOT","GWH","A","2001",9356275,
"OECD","ELECTRICITY","TOT","GWH","A","2002",9610013,
"OECD","ELECTRICITY","TOT","GWH","A","2003",9703698,
"OECD","ELECTRICITY","TOT","GWH","A","2004",9961520,
"OECD","ELECTRICITY","TOT","GWH","A","2005",10170444,
"OECD","ELECTRICITY","TOT","GWH","A","2006",10252907,
"OECD","ELECTRICITY","TOT","GWH","A","2007",10490968,
"OECD","ELECTRICITY","TOT","GWH","A","2008",10475131,
"OECD","ELECTRICITY","TOT","GWH","A","2009",10105202,
"OECD","ELECTRICITY","TOT","GWH","A","2010",10564130,
"OECD","ELECTRICITY","TOT","GWH","A","2011",10521794,
"OECD","ELECTRICITY","TOT","GWH","A","2012",10505139,
"OECD","ELECTRICITY","TOT","GWH","A","2013",10544814,
"OECD","ELECTRICITY","TOT","GWH","A","2014",10488351,
"OECD","ELECTRICITY","TOT","GWH","A","2015",10539284,
"OECD","ELECTRICITY","TOT","GWH","A","2016",10624112,
"OECD","ELECTRICITY","TOT","GWH","A","2017",10667244.042,
"OECD","ELECTRICITY","TOT","GWH","A","2018",10860100.982,
"OECD","ELECTRICITY","TOT","GWH","A","2019",10747327.105,
"OECD","ELECTRICITY","TOT","GWH","A","2020",10490220.295,
"OECD","ELECTRICITY","TOT","GWH","A","2021",10843111.078,
"OECD","ELECTRICITY","TOT","GWH","A","2022",,"L"
"LVA","ELECTRICITY","TOT","GWH","A","1990",5922,
"LVA","ELECTRICITY","TOT","GWH","A","1991",4949,
"LVA","ELECTRICITY","TOT","GWH","A","1992",3279,
"LVA","ELECTRICITY","TOT","GWH","A","1993",3405,
"LVA","ELECTRICITY","TOT","GWH","A","1994",3879,
"LVA","ELECTRICITY","TOT","GWH","A","1995",3485,
"LVA","ELECTRICITY","TOT","GWH","A","1996",2367,
"LVA","ELECTRICITY","TOT","GWH","A","1997",3700,
"LVA","ELECTRICITY","TOT","GWH","A","1998",5175,
"LVA","ELECTRICITY","TOT","GWH","A","1999",3629,
"LVA","ELECTRICITY","TOT","GWH","A","2000",3690,
"LVA","ELECTRICITY","TOT","GWH","A","2001",3690,
"LVA","ELECTRICITY","TOT","GWH","A","2002",3527,
"LVA","ELECTRICITY","TOT","GWH","A","2003",3470,
"LVA","ELECTRICITY","TOT","GWH","A","2004",4192,
"LVA","ELECTRICITY","TOT","GWH","A","2005",4417,
"LVA","ELECTRICITY","TOT","GWH","A","2006",4453,
"LVA","ELECTRICITY","TOT","GWH","A","2007",4404,
"LVA","ELECTRICITY","TOT","GWH","A","2008",4906,
"LVA","ELECTRICITY","TOT","GWH","A","2009",5191,
"LVA","ELECTRICITY","TOT","GWH","A","2010",6069,
"LVA","ELECTRICITY","TOT","GWH","A","2011",5564,
"LVA","ELECTRICITY","TOT","GWH","A","2012",5719,
"LVA","ELECTRICITY","TOT","GWH","A","2013",5800,
"LVA","ELECTRICITY","TOT","GWH","A","2014",4732,
"LVA","ELECTRICITY","TOT","GWH","A","2015",5093,
"LVA","ELECTRICITY","TOT","GWH","A","2016",5927,
"LVA","ELECTRICITY","TOT","GWH","A","2017",7024.859,
"LVA","ELECTRICITY","TOT","GWH","A","2018",6203.231,
"LVA","ELECTRICITY","TOT","GWH","A","2019",5947.306,
"LVA","ELECTRICITY","TOT","GWH","A","2020",5441.811,
"LVA","ELECTRICITY","TOT","GWH","A","2021",5543.986,
"LVA","ELECTRICITY","TOT","GWH","A","2022",,"L"
"LTU","ELECTRICITY","TOT","GWH","A","1990",26296,
"LTU","ELECTRICITY","TOT","GWH","A","1991",27158,
"LTU","ELECTRICITY","TOT","GWH","A","1992",16947,
"LTU","ELECTRICITY","TOT","GWH","A","1993",12547,
"LTU","ELECTRICITY","TOT","GWH","A","1994",8449,
"LTU","ELECTRICITY","TOT","GWH","A","1995",12357,
"LTU","ELECTRICITY","TOT","GWH","A","1996",15135,
"LTU","ELECTRICITY","TOT","GWH","A","1997",13298,
"LTU","ELECTRICITY","TOT","GWH","A","1998",15947,
"LTU","ELECTRICITY","TOT","GWH","A","1999",11949,
"LTU","ELECTRICITY","TOT","GWH","A","2000",10039,
"LTU","ELECTRICITY","TOT","GWH","A","2001",13218,
"LTU","ELECTRICITY","TOT","GWH","A","2002",16078,
"LTU","ELECTRICITY","TOT","GWH","A","2003",17878,
"LTU","ELECTRICITY","TOT","GWH","A","2004",17706,
"LTU","ELECTRICITY","TOT","GWH","A","2005",13584,
"LTU","ELECTRICITY","TOT","GWH","A","2006",11393,
"LTU","ELECTRICITY","TOT","GWH","A","2007",12878,
"LTU","ELECTRICITY","TOT","GWH","A","2008",12781,
"LTU","ELECTRICITY","TOT","GWH","A","2009",14147,
"LTU","ELECTRICITY","TOT","GWH","A","2010",5347,
"LTU","ELECTRICITY","TOT","GWH","A","2011",4445,
"LTU","ELECTRICITY","TOT","GWH","A","2012",4689,
"LTU","ELECTRICITY","TOT","GWH","A","2013",4451,
"LTU","ELECTRICITY","TOT","GWH","A","2014",4144,
"LTU","ELECTRICITY","TOT","GWH","A","2015",4676,
"LTU","ELECTRICITY","TOT","GWH","A","2016",4051,
"LTU","ELECTRICITY","TOT","GWH","A","2017",3996.1,
"LTU","ELECTRICITY","TOT","GWH","A","2018",3314.3,
"LTU","ELECTRICITY","TOT","GWH","A","2019",3764.6,
"LTU","ELECTRICITY","TOT","GWH","A","2020",5261.3,
"LTU","ELECTRICITY","TOT","GWH","A","2021",4810.4,
"LTU","ELECTRICITY","TOT","GWH","A","2022",,"L"
"ALB","ELECTRICITY","TOT","GWH","A","1990",3261,
"ALB","ELECTRICITY","TOT","GWH","A","1991",3792,
"ALB","ELECTRICITY","TOT","GWH","A","1992",3365,
"ALB","ELECTRICITY","TOT","GWH","A","1993",3495,
"ALB","ELECTRICITY","TOT","GWH","A","1994",3903,
"ALB","ELECTRICITY","TOT","GWH","A","1995",4441,
"ALB","ELECTRICITY","TOT","GWH","A","1996",5935,
"ALB","ELECTRICITY","TOT","GWH","A","1997",5189,
"ALB","ELECTRICITY","TOT","GWH","A","1998",5087,
"ALB","ELECTRICITY","TOT","GWH","A","1999",5398,
"ALB","ELECTRICITY","TOT","GWH","A","2000",4748,
"ALB","ELECTRICITY","TOT","GWH","A","2001",3701,
"ALB","ELECTRICITY","TOT","GWH","A","2002",3703,
"ALB","ELECTRICITY","TOT","GWH","A","2003",4957,
"ALB","ELECTRICITY","TOT","GWH","A","2004",5589,
"ALB","ELECTRICITY","TOT","GWH","A","2005",5426,
"ALB","ELECTRICITY","TOT","GWH","A","2006",5489,
"ALB","ELECTRICITY","TOT","GWH","A","2007",2846,
"ALB","ELECTRICITY","TOT","GWH","A","2008",3797,
"ALB","ELECTRICITY","TOT","GWH","A","2009",5197,
"ALB","ELECTRICITY","TOT","GWH","A","2010",7563,
"ALB","ELECTRICITY","TOT","GWH","A","2011",4190,
"ALB","ELECTRICITY","TOT","GWH","A","2012",4718,
"ALB","ELECTRICITY","TOT","GWH","A","2013",6950,
"ALB","ELECTRICITY","TOT","GWH","A","2014",4708,
"ALB","ELECTRICITY","TOT","GWH","A","2015",5866,
"ALB","ELECTRICITY","TOT","GWH","A","2016",7720,
"ALB","ELECTRICITY","TOT","GWH","A","2017",4497.807,
"ALB","ELECTRICITY","TOT","GWH","A","2018",8508.253,
"ALB","ELECTRICITY","TOT","GWH","A","2019",5178.508,
"ALB","ELECTRICITY","TOT","GWH","A","2020",5287.512,
"ALB","ELECTRICITY","TOT","GWH","A","2021",8936.39,
"ALB","ELECTRICITY","TOT","GWH","A","2022",,"L"
"BIH","ELECTRICITY","TOT","GWH","A","1990",0,
"BIH","ELECTRICITY","TOT","GWH","A","1991",0,
"BIH","ELECTRICITY","TOT","GWH","A","1992",0,
"BIH","ELECTRICITY","TOT","GWH","A","1993",0,
"BIH","ELECTRICITY","TOT","GWH","A","1994",0,
"BIH","ELECTRICITY","TOT","GWH","A","1995",0,
"BIH","ELECTRICITY","TOT","GWH","A","1996",0,
"BIH","ELECTRICITY","TOT","GWH","A","1997",0,
"BIH","ELECTRICITY","TOT","GWH","A","1998",0,
"BIH","ELECTRICITY","TOT","GWH","A","1999",0,
"BIH","ELECTRICITY","TOT","GWH","A","2000",0,
"BIH","ELECTRICITY","TOT","GWH","A","2001",0,
"BIH","ELECTRICITY","TOT","GWH","A","2002",0,
"BIH","ELECTRICITY","TOT","GWH","A","2003",0,
"BIH","ELECTRICITY","TOT","GWH","A","2004",0,
"BIH","ELECTRICITY","TOT","GWH","A","2005",0,
"BIH","ELECTRICITY","TOT","GWH","A","2006",0,
"BIH","ELECTRICITY","TOT","GWH","A","2007",0,
"BIH","ELECTRICITY","TOT","GWH","A","2008",0,
"BIH","ELECTRICITY","TOT","GWH","A","2009",0,
"BIH","ELECTRICITY","TOT","GWH","A","2010",0,
"BIH","ELECTRICITY","TOT","GWH","A","2011",0,
"BIH","ELECTRICITY","TOT","GWH","A","2012",13243,
"BIH","ELECTRICITY","TOT","GWH","A","2013",16656,
"BIH","ELECTRICITY","TOT","GWH","A","2014",15172,
"BIH","ELECTRICITY","TOT","GWH","A","2015",14644,
"BIH","ELECTRICITY","TOT","GWH","A","2016",16609,
"BIH","ELECTRICITY","TOT","GWH","A","2017",15239,
"BIH","ELECTRICITY","TOT","GWH","A","2018",17912,
"BIH","ELECTRICITY","TOT","GWH","A","2019",16394,
"BIH","ELECTRICITY","TOT","GWH","A","2020",15634,
"BIH","ELECTRICITY","TOT","GWH","A","2021",17380,
"BIH","ELECTRICITY","TOT","GWH","A","2022",,"L"
"BGR","ELECTRICITY","TOT","GWH","A","1990",37519,
"BGR","ELECTRICITY","TOT","GWH","A","1991",34711,
"BGR","ELECTRICITY","TOT","GWH","A","1992",31529,
"BGR","ELECTRICITY","TOT","GWH","A","1993",33866,
"BGR","ELECTRICITY","TOT","GWH","A","1994",33972,
"BGR","ELECTRICITY","TOT","GWH","A","1995",37351,
"BGR","ELECTRICITY","TOT","GWH","A","1996",38434,
"BGR","ELECTRICITY","TOT","GWH","A","1997",38413,
"BGR","ELECTRICITY","TOT","GWH","A","1998",37324,
"BGR","ELECTRICITY","TOT","GWH","A","1999",34322,
"BGR","ELECTRICITY","TOT","GWH","A","2000",36884,
"BGR","ELECTRICITY","TOT","GWH","A","2001",39617,
"BGR","ELECTRICITY","TOT","GWH","A","2002",38598,
"BGR","ELECTRICITY","TOT","GWH","A","2003",38474,
"BGR","ELECTRICITY","TOT","GWH","A","2004",37544,
"BGR","ELECTRICITY","TOT","GWH","A","2005",40281,
"BGR","ELECTRICITY","TOT","GWH","A","2006",41601,
"BGR","ELECTRICITY","TOT","GWH","A","2007",39067,
"BGR","ELECTRICITY","TOT","GWH","A","2008",40695,
"BGR","ELECTRICITY","TOT","GWH","A","2009",38743,
"BGR","ELECTRICITY","TOT","GWH","A","2010",42218,
"BGR","ELECTRICITY","TOT","GWH","A","2011",45844,
"BGR","ELECTRICITY","TOT","GWH","A","2012",42824,
"BGR","ELECTRICITY","TOT","GWH","A","2013",39849,
"BGR","ELECTRICITY","TOT","GWH","A","2014",43236,
"BGR","ELECTRICITY","TOT","GWH","A","2015",44726,
"BGR","ELECTRICITY","TOT","GWH","A","2016",41223,
"BGR","ELECTRICITY","TOT","GWH","A","2017",41351.507,
"BGR","ELECTRICITY","TOT","GWH","A","2018",42714.428,
"BGR","ELECTRICITY","TOT","GWH","A","2019",40320.953,
"BGR","ELECTRICITY","TOT","GWH","A","2020",37222.8,
"BGR","ELECTRICITY","TOT","GWH","A","2021",43457.811,
"BGR","ELECTRICITY","TOT","GWH","A","2022",,"L"
"COL","ELECTRICITY","TOT","GWH","A","1990",34908,
"COL","ELECTRICITY","TOT","GWH","A","1991",35523,
"COL","ELECTRICITY","TOT","GWH","A","1992",32107,
"COL","ELECTRICITY","TOT","GWH","A","1993",37761,
"COL","ELECTRICITY","TOT","GWH","A","1994",40704,
"COL","ELECTRICITY","TOT","GWH","A","1995",41868,
"COL","ELECTRICITY","TOT","GWH","A","1996",42659,
"COL","ELECTRICITY","TOT","GWH","A","1997",43837,
"COL","ELECTRICITY","TOT","GWH","A","1998",44018,
"COL","ELECTRICITY","TOT","GWH","A","1999",42082,
"COL","ELECTRICITY","TOT","GWH","A","2000",42380,
"COL","ELECTRICITY","TOT","GWH","A","2001",42607,
"COL","ELECTRICITY","TOT","GWH","A","2002",44174,
"COL","ELECTRICITY","TOT","GWH","A","2003",45754,
"COL","ELECTRICITY","TOT","GWH","A","2004",48756,
"COL","ELECTRICITY","TOT","GWH","A","2005",49362,
"COL","ELECTRICITY","TOT","GWH","A","2006",52726,
"COL","ELECTRICITY","TOT","GWH","A","2007",53998,
"COL","ELECTRICITY","TOT","GWH","A","2008",54237,
"COL","ELECTRICITY","TOT","GWH","A","2009",56075,
"COL","ELECTRICITY","TOT","GWH","A","2010",59448,
"COL","ELECTRICITY","TOT","GWH","A","2011",60472,
"COL","ELECTRICITY","TOT","GWH","A","2012",62474,
"COL","ELECTRICITY","TOT","GWH","A","2013",72089,
"COL","ELECTRICITY","TOT","GWH","A","2014",69095,
"COL","ELECTRICITY","TOT","GWH","A","2015",76550,
"COL","ELECTRICITY","TOT","GWH","A","2016",74773,
"COL","ELECTRICITY","TOT","GWH","A","2017",77234.373,
"COL","ELECTRICITY","TOT","GWH","A","2018",77844.467,
"COL","ELECTRICITY","TOT","GWH","A","2019",78231.154,
"COL","ELECTRICITY","TOT","GWH","A","2020",77223.392,
"COL","ELECTRICITY","TOT","GWH","A","2021",81959.569,
"COL","ELECTRICITY","TOT","GWH","A","2022",,"L"
"HRV","ELECTRICITY","TOT","GWH","A","1990",8460,
"HRV","ELECTRICITY","TOT","GWH","A","1991",8337,
"HRV","ELECTRICITY","TOT","GWH","A","1992",8530,
"HRV","ELECTRICITY","TOT","GWH","A","1993",9118,
"HRV","ELECTRICITY","TOT","GWH","A","1994",8465,
"HRV","ELECTRICITY","TOT","GWH","A","1995",8882,
"HRV","ELECTRICITY","TOT","GWH","A","1996",10895,
"HRV","ELECTRICITY","TOT","GWH","A","1997",9883,
"HRV","ELECTRICITY","TOT","GWH","A","1998",11012,
"HRV","ELECTRICITY","TOT","GWH","A","1999",12534,
"HRV","ELECTRICITY","TOT","GWH","A","2000",10879,
"HRV","ELECTRICITY","TOT","GWH","A","2001",12373,
"HRV","ELECTRICITY","TOT","GWH","A","2002",12241,
"HRV","ELECTRICITY","TOT","GWH","A","2003",12702,
"HRV","ELECTRICITY","TOT","GWH","A","2004",13496,
"HRV","ELECTRICITY","TOT","GWH","A","2005",12698,
"HRV","ELECTRICITY","TOT","GWH","A","2006",12570,
"HRV","ELECTRICITY","TOT","GWH","A","2007",12167,
"HRV","ELECTRICITY","TOT","GWH","A","2008",12375,
"HRV","ELECTRICITY","TOT","GWH","A","2009",13033,
"HRV","ELECTRICITY","TOT","GWH","A","2010",14432,
"HRV","ELECTRICITY","TOT","GWH","A","2011",10951,
"HRV","ELECTRICITY","TOT","GWH","A","2012",10396,
"HRV","ELECTRICITY","TOT","GWH","A","2013",13660,
"HRV","ELECTRICITY","TOT","GWH","A","2014",13159,
"HRV","ELECTRICITY","TOT","GWH","A","2015",10983,
"HRV","ELECTRICITY","TOT","GWH","A","2016",12284,
"HRV","ELECTRICITY","TOT","GWH","A","2017",11522.9,
"HRV","ELECTRICITY","TOT","GWH","A","2018",13181.6,
"HRV","ELECTRICITY","TOT","GWH","A","2019",12250.1,
"HRV","ELECTRICITY","TOT","GWH","A","2020",12875.1,
"HRV","ELECTRICITY","TOT","GWH","A","2021",14728.2,
"HRV","ELECTRICITY","TOT","GWH","A","2022",,"L"
"CYP","ELECTRICITY","TOT","GWH","A","1990",1927,
"CYP","ELECTRICITY","TOT","GWH","A","1991",2032,
"CYP","ELECTRICITY","TOT","GWH","A","1992",2291,
"CYP","ELECTRICITY","TOT","GWH","A","1993",2453,
"CYP","ELECTRICITY","TOT","GWH","A","1994",2552,
"CYP","ELECTRICITY","TOT","GWH","A","1995",2352,
"CYP","ELECTRICITY","TOT","GWH","A","1996",2464,
"CYP","ELECTRICITY","TOT","GWH","A","1997",2576,
"CYP","ELECTRICITY","TOT","GWH","A","1998",2811,
"CYP","ELECTRICITY","TOT","GWH","A","1999",2986,
"CYP","ELECTRICITY","TOT","GWH","A","2000",3205,
"CYP","ELECTRICITY","TOT","GWH","A","2001",3364,
"CYP","ELECTRICITY","TOT","GWH","A","2002",3574,
"CYP","ELECTRICITY","TOT","GWH","A","2003",3830,
"CYP","ELECTRICITY","TOT","GWH","A","2004",3976,
"CYP","ELECTRICITY","TOT","GWH","A","2005",4131,
"CYP","ELECTRICITY","TOT","GWH","A","2006",4397,
"CYP","ELECTRICITY","TOT","GWH","A","2007",4606,
"CYP","ELECTRICITY","TOT","GWH","A","2008",4806,
"CYP","ELECTRICITY","TOT","GWH","A","2009",4949,
"CYP","ELECTRICITY","TOT","GWH","A","2010",5101,
"CYP","ELECTRICITY","TOT","GWH","A","2011",4699,
"CYP","ELECTRICITY","TOT","GWH","A","2012",4543,
"CYP","ELECTRICITY","TOT","GWH","A","2013",4119,
"CYP","ELECTRICITY","TOT","GWH","A","2014",4145,
"CYP","ELECTRICITY","TOT","GWH","A","2015",4314,
"CYP","ELECTRICITY","TOT","GWH","A","2016",4668,
"CYP","ELECTRICITY","TOT","GWH","A","2017",4778.28,
"CYP","ELECTRICITY","TOT","GWH","A","2018",4827.281,
"CYP","ELECTRICITY","TOT","GWH","A","2019",4913.788,
"CYP","ELECTRICITY","TOT","GWH","A","2020",4650.317,
"CYP","ELECTRICITY","TOT","GWH","A","2021",4880.841,
"CYP","ELECTRICITY","TOT","GWH","A","2022",,"L"
"GEO","ELECTRICITY","TOT","GWH","A","1990",12651,
"GEO","ELECTRICITY","TOT","GWH","A","1991",12325,
"GEO","ELECTRICITY","TOT","GWH","A","1992",10593,
"GEO","ELECTRICITY","TOT","GWH","A","1993",10032,
"GEO","ELECTRICITY","TOT","GWH","A","1994",10756,
"GEO","ELECTRICITY","TOT","GWH","A","1995",7813,
"GEO","ELECTRICITY","TOT","GWH","A","1996",7078,
"GEO","ELECTRICITY","TOT","GWH","A","1997",7070,
"GEO","ELECTRICITY","TOT","GWH","A","1998",7532,
"GEO","ELECTRICITY","TOT","GWH","A","1999",7547,
"GEO","ELECTRICITY","TOT","GWH","A","2000",7291,
"GEO","ELECTRICITY","TOT","GWH","A","2001",6768,
"GEO","ELECTRICITY","TOT","GWH","A","2002",7071,
"GEO","ELECTRICITY","TOT","GWH","A","2003",7141,
"GEO","ELECTRICITY","TOT","GWH","A","2004",6836,
"GEO","ELECTRICITY","TOT","GWH","A","2005",7190,
"GEO","ELECTRICITY","TOT","GWH","A","2006",7168,
"GEO","ELECTRICITY","TOT","GWH","A","2007",8245,
"GEO","ELECTRICITY","TOT","GWH","A","2008",8346,
"GEO","ELECTRICITY","TOT","GWH","A","2009",8195,
"GEO","ELECTRICITY","TOT","GWH","A","2010",10046,
"GEO","ELECTRICITY","TOT","GWH","A","2011",10106,
"GEO","ELECTRICITY","TOT","GWH","A","2012",9469,
"GEO","ELECTRICITY","TOT","GWH","A","2013",9860,
"GEO","ELECTRICITY","TOT","GWH","A","2014",10154,
"GEO","ELECTRICITY","TOT","GWH","A","2015",10592,
"GEO","ELECTRICITY","TOT","GWH","A","2016",11365,
"GEO","ELECTRICITY","TOT","GWH","A","2017",11315.8,
"GEO","ELECTRICITY","TOT","GWH","A","2018",11933.7,
"GEO","ELECTRICITY","TOT","GWH","A","2019",11620.302,
"GEO","ELECTRICITY","TOT","GWH","A","2020",10943.2,
"GEO","ELECTRICITY","TOT","GWH","A","2021",12431.5,
"GEO","ELECTRICITY","TOT","GWH","A","2022",,"L"
"MLT","ELECTRICITY","TOT","GWH","A","1990",1010,
"MLT","ELECTRICITY","TOT","GWH","A","1991",1314,
"MLT","ELECTRICITY","TOT","GWH","A","1992",1376,
"MLT","ELECTRICITY","TOT","GWH","A","1993",1390,
"MLT","ELECTRICITY","TOT","GWH","A","1994",1356,
"MLT","ELECTRICITY","TOT","GWH","A","1995",1411,
"MLT","ELECTRICITY","TOT","GWH","A","1996",1557,
"MLT","ELECTRICITY","TOT","GWH","A","1997",1581,
"MLT","ELECTRICITY","TOT","GWH","A","1998",1612,
"MLT","ELECTRICITY","TOT","GWH","A","1999",1743,
"MLT","ELECTRICITY","TOT","GWH","A","2000",1802,
"MLT","ELECTRICITY","TOT","GWH","A","2001",1825,
"MLT","ELECTRICITY","TOT","GWH","A","2002",1927,
"MLT","ELECTRICITY","TOT","GWH","A","2003",2100,
"MLT","ELECTRICITY","TOT","GWH","A","2004",2081,
"MLT","ELECTRICITY","TOT","GWH","A","2005",2114,
"MLT","ELECTRICITY","TOT","GWH","A","2006",2129,
"MLT","ELECTRICITY","TOT","GWH","A","2007",2165,
"MLT","ELECTRICITY","TOT","GWH","A","2008",2185,
"MLT","ELECTRICITY","TOT","GWH","A","2009",2046,
"MLT","ELECTRICITY","TOT","GWH","A","2010",1993,
"MLT","ELECTRICITY","TOT","GWH","A","2011",2053,
"MLT","ELECTRICITY","TOT","GWH","A","2012",2172,
"MLT","ELECTRICITY","TOT","GWH","A","2013",2137,
"MLT","ELECTRICITY","TOT","GWH","A","2014",2137,
"MLT","ELECTRICITY","TOT","GWH","A","2015",1241,
"MLT","ELECTRICITY","TOT","GWH","A","2016",807,
"MLT","ELECTRICITY","TOT","GWH","A","2017",1602.516,
"MLT","ELECTRICITY","TOT","GWH","A","2018",1912.27,
"MLT","ELECTRICITY","TOT","GWH","A","2019",2001.206,
"MLT","ELECTRICITY","TOT","GWH","A","2020",2080.826,
"MLT","ELECTRICITY","TOT","GWH","A","2021",2160.46,
"MLT","ELECTRICITY","TOT","GWH","A","2022",,"L"
"MDA","ELECTRICITY","TOT","GWH","A","1990",14599,
"MDA","ELECTRICITY","TOT","GWH","A","1991",13543,
"MDA","ELECTRICITY","TOT","GWH","A","1992",11708,
"MDA","ELECTRICITY","TOT","GWH","A","1993",10553,
"MDA","ELECTRICITY","TOT","GWH","A","1994",8882,
"MDA","ELECTRICITY","TOT","GWH","A","1995",7125,
"MDA","ELECTRICITY","TOT","GWH","A","1996",6878,
"MDA","ELECTRICITY","TOT","GWH","A","1997",6021,
"MDA","ELECTRICITY","TOT","GWH","A","1998",5953,
"MDA","ELECTRICITY","TOT","GWH","A","1999",5563,
"MDA","ELECTRICITY","TOT","GWH","A","2000",5358,
"MDA","ELECTRICITY","TOT","GWH","A","2001",5700,
"MDA","ELECTRICITY","TOT","GWH","A","2002",5453,
"MDA","ELECTRICITY","TOT","GWH","A","2003",5692,
"MDA","ELECTRICITY","TOT","GWH","A","2004",5542,
"MDA","ELECTRICITY","TOT","GWH","A","2005",5701,
"MDA","ELECTRICITY","TOT","GWH","A","2006",5676,
"MDA","ELECTRICITY","TOT","GWH","A","2007",5548,
"MDA","ELECTRICITY","TOT","GWH","A","2008",5736,
"MDA","ELECTRICITY","TOT","GWH","A","2009",5809,
"MDA","ELECTRICITY","TOT","GWH","A","2010",5736,
"MDA","ELECTRICITY","TOT","GWH","A","2011",5425,
"MDA","ELECTRICITY","TOT","GWH","A","2012",5441,
"MDA","ELECTRICITY","TOT","GWH","A","2013",4129,
"MDA","ELECTRICITY","TOT","GWH","A","2014",4998,
"MDA","ELECTRICITY","TOT","GWH","A","2015",5641,
"MDA","ELECTRICITY","TOT","GWH","A","2016",5431,
"MDA","ELECTRICITY","TOT","GWH","A","2017",4603,
"MDA","ELECTRICITY","TOT","GWH","A","2018",5010,
"MDA","ELECTRICITY","TOT","GWH","A","2019",5272,
"MDA","ELECTRICITY","TOT","GWH","A","2020",5742,
"MDA","ELECTRICITY","TOT","GWH","A","2021",6217,
"MDA","ELECTRICITY","TOT","GWH","A","2022",,"L"
"ROU","ELECTRICITY","TOT","GWH","A","1990",56669,
"ROU","ELECTRICITY","TOT","GWH","A","1991",49070,
"ROU","ELECTRICITY","TOT","GWH","A","1992",48058,
"ROU","ELECTRICITY","TOT","GWH","A","1993",49369,
"ROU","ELECTRICITY","TOT","GWH","A","1994",49181,
"ROU","ELECTRICITY","TOT","GWH","A","1995",52900,
"ROU","ELECTRICITY","TOT","GWH","A","1996",52526,
"ROU","ELECTRICITY","TOT","GWH","A","1997",53403,
"ROU","ELECTRICITY","TOT","GWH","A","1998",50092,
"ROU","ELECTRICITY","TOT","GWH","A","1999",46210,
"ROU","ELECTRICITY","TOT","GWH","A","2000",48625,
"ROU","ELECTRICITY","TOT","GWH","A","2001",50423,
"ROU","ELECTRICITY","TOT","GWH","A","2002",51056,
"ROU","ELECTRICITY","TOT","GWH","A","2003",51317,
"ROU","ELECTRICITY","TOT","GWH","A","2004",52693,
"ROU","ELECTRICITY","TOT","GWH","A","2005",55504,
"ROU","ELECTRICITY","TOT","GWH","A","2006",58350,
"ROU","ELECTRICITY","TOT","GWH","A","2007",56165,
"ROU","ELECTRICITY","TOT","GWH","A","2008",60100,
"ROU","ELECTRICITY","TOT","GWH","A","2009",52759,
"ROU","ELECTRICITY","TOT","GWH","A","2010",55923,
"ROU","ELECTRICITY","TOT","GWH","A","2011",56490,
"ROU","ELECTRICITY","TOT","GWH","A","2012",53694,
"ROU","ELECTRICITY","TOT","GWH","A","2013",54134,
"ROU","ELECTRICITY","TOT","GWH","A","2014",60699,
"ROU","ELECTRICITY","TOT","GWH","A","2015",61277,
"ROU","ELECTRICITY","TOT","GWH","A","2016",60256,
"ROU","ELECTRICITY","TOT","GWH","A","2017",59355.43,
"ROU","ELECTRICITY","TOT","GWH","A","2018",60175.52,
"ROU","ELECTRICITY","TOT","GWH","A","2019",55177.212,
"ROU","ELECTRICITY","TOT","GWH","A","2020",51923.72,
"ROU","ELECTRICITY","TOT","GWH","A","2021",54635.782,
"ROU","ELECTRICITY","TOT","GWH","A","2022",,"L"
"UKR","ELECTRICITY","TOT","GWH","A","1990",0,
"UKR","ELECTRICITY","TOT","GWH","A","1991",0,
"UKR","ELECTRICITY","TOT","GWH","A","1992",0,
"UKR","ELECTRICITY","TOT","GWH","A","1993",0,
"UKR","ELECTRICITY","TOT","GWH","A","1994",0,
"UKR","ELECTRICITY","TOT","GWH","A","1995",0,
"UKR","ELECTRICITY","TOT","GWH","A","1996",0,
"UKR","ELECTRICITY","TOT","GWH","A","1997",0,
"UKR","ELECTRICITY","TOT","GWH","A","1998",0,
"UKR","ELECTRICITY","TOT","GWH","A","1999",0,
"UKR","ELECTRICITY","TOT","GWH","A","2000",0,
"UKR","ELECTRICITY","TOT","GWH","A","2001",0,
"UKR","ELECTRICITY","TOT","GWH","A","2002",0,
"UKR","ELECTRICITY","TOT","GWH","A","2003",0,
"UKR","ELECTRICITY","TOT","GWH","A","2004",0,
"UKR","ELECTRICITY","TOT","GWH","A","2005",0,
"UKR","ELECTRICITY","TOT","GWH","A","2006",0,
"UKR","ELECTRICITY","TOT","GWH","A","2007",181004,
"UKR","ELECTRICITY","TOT","GWH","A","2008",177408,
"UKR","ELECTRICITY","TOT","GWH","A","2009",159171,
"UKR","ELECTRICITY","TOT","GWH","A","2010",173938,
"UKR","ELECTRICITY","TOT","GWH","A","2011",179635,
"UKR","ELECTRICITY","TOT","GWH","A","2012",183397,
"UKR","ELECTRICITY","TOT","GWH","A","2013",179084,
"UKR","ELECTRICITY","TOT","GWH","A","2014",168430,
"UKR","ELECTRICITY","TOT","GWH","A","2015",150650,
"UKR","ELECTRICITY","TOT","GWH","A","2016",151889,
"UKR","ELECTRICITY","TOT","GWH","A","2017",144905.8,
"UKR","ELECTRICITY","TOT","GWH","A","2018",147093.2,
"UKR","ELECTRICITY","TOT","GWH","A","2019",142533.302,
"UKR","ELECTRICITY","TOT","GWH","A","2020",137197,
"UKR","ELECTRICITY","TOT","GWH","A","2021",146580.24,
"UKR","ELECTRICITY","TOT","GWH","A","2022",,"L"
"SRB","ELECTRICITY","TOT","GWH","A","1990",0,
"SRB","ELECTRICITY","TOT","GWH","A","1991",0,
"SRB","ELECTRICITY","TOT","GWH","A","1992",0,
"SRB","ELECTRICITY","TOT","GWH","A","1993",0,
"SRB","ELECTRICITY","TOT","GWH","A","1994",0,
"SRB","ELECTRICITY","TOT","GWH","A","1995",0,
"SRB","ELECTRICITY","TOT","GWH","A","1996",0,
"SRB","ELECTRICITY","TOT","GWH","A","1997",0,
"SRB","ELECTRICITY","TOT","GWH","A","1998",0,
"SRB","ELECTRICITY","TOT","GWH","A","1999",0,
"SRB","ELECTRICITY","TOT","GWH","A","2000",0,
"SRB","ELECTRICITY","TOT","GWH","A","2001",0,
"SRB","ELECTRICITY","TOT","GWH","A","2002",0,
"SRB","ELECTRICITY","TOT","GWH","A","2003",0,
"SRB","ELECTRICITY","TOT","GWH","A","2004",0,
"SRB","ELECTRICITY","TOT","GWH","A","2005",0,
"SRB","ELECTRICITY","TOT","GWH","A","2006",33955,
"SRB","ELECTRICITY","TOT","GWH","A","2007",34082,
"SRB","ELECTRICITY","TOT","GWH","A","2008",34769,
"SRB","ELECTRICITY","TOT","GWH","A","2009",35769,
"SRB","ELECTRICITY","TOT","GWH","A","2010",35701,
"SRB","ELECTRICITY","TOT","GWH","A","2011",35793,
"SRB","ELECTRICITY","TOT","GWH","A","2012",34202,
"SRB","ELECTRICITY","TOT","GWH","A","2013",37170,
"SRB","ELECTRICITY","TOT","GWH","A","2014",31899,
"SRB","ELECTRICITY","TOT","GWH","A","2015",35639,
"SRB","ELECTRICITY","TOT","GWH","A","2016",36628,
"SRB","ELECTRICITY","TOT","GWH","A","2017",34298.552,
"SRB","ELECTRICITY","TOT","GWH","A","2018",34783.407,
"SRB","ELECTRICITY","TOT","GWH","A","2019",34564.952,
"SRB","ELECTRICITY","TOT","GWH","A","2020",35273.872,
"SRB","ELECTRICITY","TOT","GWH","A","2021",35352.448,
"SRB","ELECTRICITY","TOT","GWH","A","2022",,"L"
"MNE","ELECTRICITY","TOT","GWH","A","1990",,"L"
"MNE","ELECTRICITY","TOT","GWH","A","1991",,"L"
"MNE","ELECTRICITY","TOT","GWH","A","1992",,"L"
"MNE","ELECTRICITY","TOT","GWH","A","1993",,"L"
"MNE","ELECTRICITY","TOT","GWH","A","1994",,"L"
"MNE","ELECTRICITY","TOT","GWH","A","1995",,"L"
"MNE","ELECTRICITY","TOT","GWH","A","1996",,"L"
"MNE","ELECTRICITY","TOT","GWH","A","1997",,"L"
"MNE","ELECTRICITY","TOT","GWH","A","1998",,"L"
"MNE","ELECTRICITY","TOT","GWH","A","1999",,"L"
"MNE","ELECTRICITY","TOT","GWH","A","2000",,"L"
"MNE","ELECTRICITY","TOT","GWH","A","2001",,"L"
"MNE","ELECTRICITY","TOT","GWH","A","2002",,"L"
"MNE","ELECTRICITY","TOT","GWH","A","2003",,"L"
"MNE","ELECTRICITY","TOT","GWH","A","2004",,"L"
"MNE","ELECTRICITY","TOT","GWH","A","2005",2750,
"MNE","ELECTRICITY","TOT","GWH","A","2006",2840,
"MNE","ELECTRICITY","TOT","GWH","A","2007",2039,
"MNE","ELECTRICITY","TOT","GWH","A","2008",2687,
"MNE","ELECTRICITY","TOT","GWH","A","2009",2679,
"MNE","ELECTRICITY","TOT","GWH","A","2010",3876,
"MNE","ELECTRICITY","TOT","GWH","A","2011",2503,
"MNE","ELECTRICITY","TOT","GWH","A","2012",2703,
"MNE","ELECTRICITY","TOT","GWH","A","2013",3809,
"MNE","ELECTRICITY","TOT","GWH","A","2014",3038,
"MNE","ELECTRICITY","TOT","GWH","A","2015",2872,
"MNE","ELECTRICITY","TOT","GWH","A","2016",3023,
"MNE","ELECTRICITY","TOT","GWH","A","2017",2363.8,
"MNE","ELECTRICITY","TOT","GWH","A","2018",3677,
"MNE","ELECTRICITY","TOT","GWH","A","2019",3304.6,
"MNE","ELECTRICITY","TOT","GWH","A","2020",3235.9,
"MNE","ELECTRICITY","TOT","GWH","A","2021",3652.6,
"MNE","ELECTRICITY","TOT","GWH","A","2022",,"L"
"CRI","ELECTRICITY","TOT","GWH","A","1990",3458,
"CRI","ELECTRICITY","TOT","GWH","A","1991",3859,
"CRI","ELECTRICITY","TOT","GWH","A","1992",4906,
"CRI","ELECTRICITY","TOT","GWH","A","1993",4906,
"CRI","ELECTRICITY","TOT","GWH","A","1994",4901,
"CRI","ELECTRICITY","TOT","GWH","A","1995",4868,
"CRI","ELECTRICITY","TOT","GWH","A","1996",4787,
"CRI","ELECTRICITY","TOT","GWH","A","1997",5593,
"CRI","ELECTRICITY","TOT","GWH","A","1998",5387,
"CRI","ELECTRICITY","TOT","GWH","A","1999",6099,
"CRI","ELECTRICITY","TOT","GWH","A","2000",6840,
"CRI","ELECTRICITY","TOT","GWH","A","2001",6664,
"CRI","ELECTRICITY","TOT","GWH","A","2002",7264,
"CRI","ELECTRICITY","TOT","GWH","A","2003",7386,
"CRI","ELECTRICITY","TOT","GWH","A","2004",8102,
"CRI","ELECTRICITY","TOT","GWH","A","2005",8162,
"CRI","ELECTRICITY","TOT","GWH","A","2006",8589,
"CRI","ELECTRICITY","TOT","GWH","A","2007",8948,
"CRI","ELECTRICITY","TOT","GWH","A","2008",9383,
"CRI","ELECTRICITY","TOT","GWH","A","2009",9242,
"CRI","ELECTRICITY","TOT","GWH","A","2010",9482,
"CRI","ELECTRICITY","TOT","GWH","A","2011",9741,
"CRI","ELECTRICITY","TOT","GWH","A","2012",10065,
"CRI","ELECTRICITY","TOT","GWH","A","2013",10126,
"CRI","ELECTRICITY","TOT","GWH","A","2014",10100,
"CRI","ELECTRICITY","TOT","GWH","A","2015",10688,
"CRI","ELECTRICITY","TOT","GWH","A","2016",10631,
"CRI","ELECTRICITY","TOT","GWH","A","2017",11122.509,
"CRI","ELECTRICITY","TOT","GWH","A","2018",11308.23,
"CRI","ELECTRICITY","TOT","GWH","A","2019",11249.244,
"CRI","ELECTRICITY","TOT","GWH","A","2020",11454.624,
"CRI","ELECTRICITY","TOT","GWH","A","2021",12504,
"CRI","ELECTRICITY","TOT","GWH","A","2022",,"L"
"MKD","ELECTRICITY","TOT","GWH","A","1990",5413,
"MKD","ELECTRICITY","TOT","GWH","A","1991",5424,
"MKD","ELECTRICITY","TOT","GWH","A","1992",5701,
"MKD","ELECTRICITY","TOT","GWH","A","1993",4869,
"MKD","ELECTRICITY","TOT","GWH","A","1994",5583,
"MKD","ELECTRICITY","TOT","GWH","A","1995",5764,
"MKD","ELECTRICITY","TOT","GWH","A","1996",6243,
"MKD","ELECTRICITY","TOT","GWH","A","1997",6329,
"MKD","ELECTRICITY","TOT","GWH","A","1998",6549,
"MKD","ELECTRICITY","TOT","GWH","A","1999",6402,
"MKD","ELECTRICITY","TOT","GWH","A","2000",6327,
"MKD","ELECTRICITY","TOT","GWH","A","2001",5856,
"MKD","ELECTRICITY","TOT","GWH","A","2002",5610,
"MKD","ELECTRICITY","TOT","GWH","A","2003",6267,
"MKD","ELECTRICITY","TOT","GWH","A","2004",6199,
"MKD","ELECTRICITY","TOT","GWH","A","2005",6463,
"MKD","ELECTRICITY","TOT","GWH","A","2006",6550,
"MKD","ELECTRICITY","TOT","GWH","A","2007",5973,
"MKD","ELECTRICITY","TOT","GWH","A","2008",5802,
"MKD","ELECTRICITY","TOT","GWH","A","2009",6334,
"MKD","ELECTRICITY","TOT","GWH","A","2010",6827,
"MKD","ELECTRICITY","TOT","GWH","A","2011",6284,
"MKD","ELECTRICITY","TOT","GWH","A","2012",5797,
"MKD","ELECTRICITY","TOT","GWH","A","2013",5672,
"MKD","ELECTRICITY","TOT","GWH","A","2014",4976,
"MKD","ELECTRICITY","TOT","GWH","A","2015",5278,
"MKD","ELECTRICITY","TOT","GWH","A","2016",5284,
"MKD","ELECTRICITY","TOT","GWH","A","2017",5226.865,
"MKD","ELECTRICITY","TOT","GWH","A","2018",5282.753,
"MKD","ELECTRICITY","TOT","GWH","A","2019",5500.814,
"MKD","ELECTRICITY","TOT","GWH","A","2020",5033.384,
"MKD","ELECTRICITY","TOT","GWH","A","2021",5198.881,
"MKD","ELECTRICITY","TOT","GWH","A","2022",,"L"
"EU28","ELECTRICITY","TOT","GWH","A","1990",2432530,
"EU28","ELECTRICITY","TOT","GWH","A","1991",2476008,
"EU28","ELECTRICITY","TOT","GWH","A","1992",2465168,
"EU28","ELECTRICITY","TOT","GWH","A","1993",2470182,
"EU28","ELECTRICITY","TOT","GWH","A","1994",2510604,
"EU28","ELECTRICITY","TOT","GWH","A","1995",2584694,
"EU28","ELECTRICITY","TOT","GWH","A","1996",2684522,
"EU28","ELECTRICITY","TOT","GWH","A","1997",2697972,
"EU28","ELECTRICITY","TOT","GWH","A","1998",2762141,
"EU28","ELECTRICITY","TOT","GWH","A","1999",2793050,
"EU28","ELECTRICITY","TOT","GWH","A","2000",2873389,
"EU28","ELECTRICITY","TOT","GWH","A","2001",2954913,
"EU28","ELECTRICITY","TOT","GWH","A","2002",2976247,
"EU28","ELECTRICITY","TOT","GWH","A","2003",3064448,
"EU28","ELECTRICITY","TOT","GWH","A","2004",3132065,
"EU28","ELECTRICITY","TOT","GWH","A","2005",3152541,
"EU28","ELECTRICITY","TOT","GWH","A","2006",3195025,
"EU28","ELECTRICITY","TOT","GWH","A","2007",3208804,
"EU28","ELECTRICITY","TOT","GWH","A","2008",3216689,
"EU28","ELECTRICITY","TOT","GWH","A","2009",3056081,
"EU28","ELECTRICITY","TOT","GWH","A","2010",3196291,
"EU28","ELECTRICITY","TOT","GWH","A","2011",3138933,
"EU28","ELECTRICITY","TOT","GWH","A","2012",3131800,
"EU28","ELECTRICITY","TOT","GWH","A","2013",3113643,
"EU28","ELECTRICITY","TOT","GWH","A","2014",3037232,
"EU28","ELECTRICITY","TOT","GWH","A","2015",3081409,
"EU28","ELECTRICITY","TOT","GWH","A","2016",3105954,
"EU28","ELECTRICITY","TOT","GWH","A","2017",3135775.521,
"EU28","ELECTRICITY","TOT","GWH","A","2018",3118987.313,
"EU28","ELECTRICITY","TOT","GWH","A","2019",3088025.26,
"EU28","ELECTRICITY","TOT","GWH","A","2020",2967712.532,
"EU28","ELECTRICITY","TOT","GWH","A","2021",3081773.553,
"EU28","ELECTRICITY","TOT","GWH","A","2022",,"L"
"EU27_2020","ELECTRICITY","TOT","GWH","A","1990",2132402,
"EU27_2020","ELECTRICITY","TOT","GWH","A","1991",2173244,
"EU27_2020","ELECTRICITY","TOT","GWH","A","1992",2164366,
"EU27_2020","ELECTRICITY","TOT","GWH","A","1993",2166376,
"EU27_2020","ELECTRICITY","TOT","GWH","A","1994",2201617,
"EU27_2020","ELECTRICITY","TOT","GWH","A","1995",2268069,
"EU27_2020","ELECTRICITY","TOT","GWH","A","1996",2349734,
"EU27_2020","ELECTRICITY","TOT","GWH","A","1997",2363865,
"EU27_2020","ELECTRICITY","TOT","GWH","A","1998",2416847,
"EU27_2020","ELECTRICITY","TOT","GWH","A","1999",2441604,
"EU27_2020","ELECTRICITY","TOT","GWH","A","2000",2512624,
"EU27_2020","ELECTRICITY","TOT","GWH","A","2001",2587521,
"EU27_2020","ELECTRICITY","TOT","GWH","A","2002",2606126,
"EU27_2020","ELECTRICITY","TOT","GWH","A","2003",2684376,
"EU27_2020","ELECTRICITY","TOT","GWH","A","2004",2755160,
"EU27_2020","ELECTRICITY","TOT","GWH","A","2005",2772058,
"EU27_2020","ELECTRICITY","TOT","GWH","A","2006",2816246,
"EU27_2020","ELECTRICITY","TOT","GWH","A","2007",2829668,
"EU27_2020","ELECTRICITY","TOT","GWH","A","2008",2843568,
"EU27_2020","ELECTRICITY","TOT","GWH","A","2009",2696317,
"EU27_2020","ELECTRICITY","TOT","GWH","A","2010",2831510,
"EU27_2020","ELECTRICITY","TOT","GWH","A","2011",2788540,
"EU27_2020","ELECTRICITY","TOT","GWH","A","2012",2786987,
"EU27_2020","ELECTRICITY","TOT","GWH","A","2013",2774276,
"EU27_2020","ELECTRICITY","TOT","GWH","A","2014",2716852,
"EU27_2020","ELECTRICITY","TOT","GWH","A","2015",2760960,
"EU27_2020","ELECTRICITY","TOT","GWH","A","2016",2784044,
"EU27_2020","ELECTRICITY","TOT","GWH","A","2017",2814926.316,
"EU27_2020","ELECTRICITY","TOT","GWH","A","2018",2802394.524,
"EU27_2020","ELECTRICITY","TOT","GWH","A","2019",2776074.25,
"EU27_2020","ELECTRICITY","TOT","GWH","A","2020",2667709.691,
"EU27_2020","ELECTRICITY","TOT","GWH","A","2021",2784613.586,
"EU27_2020","ELECTRICITY","TOT","GWH","A","2022",,"L"
